Submission id,Participant id,Status,Custom study tncs accepted at,Started at,Completed at,Reviewed at,Archived at,Time taken,Completion code,Total approvals,Age,Sex,Ethnicity simplified,Country of birth,Country of residence,Nationality,Language,Student status,Employment status
6626a256c505e864096fbca4,5dbafaea6340cc10d46aa917,APPROVED,Not Applicable,2024-04-22T17:46:04.817000Z,2024-04-22T17:59:38.247000Z,2024-04-22T18:47:20.630000Z,2024-04-22T18:15:17.829191Z,814.0,C107BK71,312,23,Female,White,United Kingdom,United Kingdom,United Kingdom,English,No,Full-Time
6626a26eb5949e7f9605d929,614f34b7af84fc40f6df42c3,APPROVED,Not Applicable,2024-04-22T17:46:27.765000Z,2024-04-22T17:58:41.887000Z,2024-04-22T18:47:13.215000Z,2024-04-22T18:14:26.256672Z,735.0,C107BK71,540,45,Female,White,United Kingdom,United Kingdom,United Kingdom,English,Yes,Full-Time
6626a280f02f63d2f7e9d526,60e12f6dbb3844c468b97621,APPROVED,Not Applicable,2024-04-22T17:46:45.363000Z,2024-04-22T18:08:18.694000Z,2024-04-22T18:49:04.299000Z,2024-04-22T18:45:47.970163Z,1294.0,C107BK71,661,54,Female,Mixed,United States,United Kingdom,United States Minor Outlying Islands,English,No,Part-Time
6626a28e109f146c9dd36e98,5ba151aaa9e7be000135f08f,APPROVED,Not Applicable,2024-04-22T17:46:59.367000Z,2024-04-22T18:01:38.601000Z,2024-04-22T18:47:36.472000Z,2024-04-22T18:18:06.813800Z,880.0,C107BK71,1475,38,Female,White,United Kingdom,United Kingdom,United Kingdom,English,Yes,Full-Time
6626a2fae6be4e76cc503670,63780dcb8171e255fe423b28,APPROVED,Not Applicable,2024-04-22T17:48:49.840000Z,2024-04-22T18:06:49.080000Z,2024-04-22T18:49:00.484000Z,2024-04-22T18:45:30.572750Z,1080.0,C107BK71,404,58,Male,White,United Kingdom,United Kingdom,United Kingdom,English,No,DATA_EXPIRED
6627673ea633083390d79ebf,5d78cb8a44b0d10001a53485,APPROVED,Not Applicable,2024-04-23T07:46:14.306000Z,2024-04-23T07:57:13.412000Z,2024-04-23T07:57:31.787000Z,2024-04-23T07:57:27.332324Z,660.0,C107BK71,689,35,Female,White,United Kingdom,United Kingdom,United Kingdom,English,No,Full-Time
662768179c1408def8b74a4f,5baa606b849a3b0001c5c7a0,APPROVED,Not Applicable,2024-04-23T07:54:11.103000Z,2024-04-23T08:06:03.408000Z,2024-04-23T08:06:05.215000Z,2024-04-23T08:06:05.634655Z,713.0,C107BK71,92,23,Male,White,United Kingdom,United Kingdom,United Kingdom,English,DATA_EXPIRED,Unemployed (and job seeking)
6627683a22ea98fe99d0d444,634e5e65098e5d120efa7ec7,APPROVED,Not Applicable,2024-04-23T07:50:26.003000Z,2024-04-23T08:02:57.062000Z,2024-04-23T08:02:57.832000Z,2024-04-23T08:02:58.430764Z,752.0,C107BK71,589,33,Male,Asian,United Kingdom,United Kingdom,United Kingdom,English,No,Part-Time
66278d0b70a3ecb7c48906b8,63ea4294257e4346c3887abe,APPROVED,Not Applicable,2024-04-23T10:27:33.686000Z,2024-04-23T10:41:29.475000Z,2024-04-23T10:43:32.444000Z,2024-04-23T10:42:10.671687Z,836.0,C107BK71,280,46,Male,White,United Kingdom,United Kingdom,United Kingdom,English,DATA_EXPIRED,DATA_EXPIRED
66278d5549d58ffd50500d18,65a3eae145bd7a121b03e953,APPROVED,Not Applicable,2024-04-23T10:28:43.519000Z,2024-04-23T10:37:56.627000Z,2024-04-23T10:37:57.371000Z,2024-04-23T10:37:58.133071Z,554.0,C107BK71,151,28,Male,White,United Kingdom,United Kingdom,United Kingdom,English,No,Full-Time
6627e483120a8a44aefd593d,571bc5a56b0894000962ee1a,APPROVED,Not Applicable,2024-04-23T16:40:44.572000Z,2024-04-23T16:50:45.867000Z,2024-04-23T17:08:20.444000Z,2024-04-23T17:01:19.486775Z,602.0,C107BK71,196,66,Female,White,United Kingdom,United Kingdom,United Kingdom,English,DATA_EXPIRED,DATA_EXPIRED
6627e49d4ee8e0c6b947c69a,5e5beb1ed9d6813cae521b50,APPROVED,Not Applicable,2024-04-23T16:41:04.961000Z,2024-04-23T16:49:45.637000Z,2024-04-23T17:07:41.622000Z,2024-04-23T17:00:10.461610Z,521.0,C107BK71,1001,41,Female,White,United Kingdom,United Kingdom,United Kingdom,English,DATA_EXPIRED,DATA_EXPIRED
6627e49f066cf808afe6c467,598d5cd433481c000164d18b,APPROVED,Not Applicable,2024-04-23T16:41:08.675000Z,2024-04-23T16:51:12.244000Z,2024-04-23T17:08:35.198000Z,2024-04-23T17:01:46.370051Z,604.0,C107BK71,616,57,Female,White,United Kingdom,United Kingdom,United Kingdom,English,No,Full-Time
6627e4ae4a0aa8a51f451dfa,6018391fad5420046dc92be5,APPROVED,Not Applicable,2024-04-23T16:41:25.422000Z,2024-04-23T16:56:18.646000Z,2024-04-23T17:11:47.984000Z,2024-04-23T17:05:59.997475Z,894.0,C107BK71,245,22,Female,White,United Kingdom,United Kingdom,United Kingdom,English,No,DATA_EXPIRED
6627e4ba3bc98a4ecf67ccb5,5e0f5f8658a5c768bf461df8,APPROVED,Not Applicable,2024-04-23T16:41:40.001000Z,2024-04-23T16:52:29.244000Z,2024-04-23T17:41:53.417000Z,2024-04-23T17:03:10.542867Z,650.0,C107BK71,851,62,Female,White,United Kingdom,United Kingdom,United Kingdom,English,No,Part-Time
6627e4dbae1dc5ef4bf41852,59988b453c366e00019de0a4,APPROVED,Not Applicable,2024-04-23T16:42:12.493000Z,2024-04-23T16:53:30.929000Z,2024-04-23T17:10:05.692000Z,2024-04-23T17:04:20.393778Z,679.0,C107BK71,1612,38,Female,White,United Kingdom,United Kingdom,United Kingdom,English,No,Part-Time
6627e4e6363608a69aa2f50e,607c99da1d8fb7d1084ea39f,APPROVED,Not Applicable,2024-04-23T16:42:19.951000Z,2024-04-23T16:52:27.599000Z,2024-04-23T17:09:25.899000Z,2024-04-23T17:03:10.959994Z,608.0,C107BK71,5,45,Female,White,United Kingdom,United Kingdom,United Kingdom,English,No,DATA_EXPIRED
6627e4ec6910fcf3ed2a3eb7,5655ac37d970d100058322c3,APPROVED,Not Applicable,2024-04-23T16:42:57.684000Z,2024-04-23T16:55:14.517000Z,2024-04-23T18:11:00.052000Z,2024-04-23T17:05:24.542946Z,737.0,C107BK71,506,32,Male,White,United Kingdom,United Kingdom,United Kingdom,English,DATA_EXPIRED,Full-Time
6627e4f3cfc86ae8d15cbaf2,60b3950b9a1de417d37bb8d2,APPROVED,Not Applicable,2024-04-23T16:42:44.967000Z,2024-04-23T17:00:14.606000Z,2024-04-23T17:20:26.710000Z,2024-04-23T17:08:25.170415Z,1050.0,C107BK71,1616,32,Male,White,United Kingdom,United Kingdom,United Kingdom,English,No,Full-Time
6627e4f65a9cfaa7e382a197,652eb2803da3707d852865a7,APPROVED,Not Applicable,2024-04-23T16:42:36.268000Z,2024-04-23T16:55:47.627000Z,2024-04-23T18:11:23.233000Z,2024-04-23T17:05:44.005372Z,792.0,C107BK71,88,53,Male,White,United States,United States,United States,English,DATA_EXPIRED,DATA_EXPIRED
6627e4f88883986cbcd9146d,6273f571b3a4403a17934411,APPROVED,Not Applicable,2024-04-23T16:42:40.142000Z,2024-04-23T16:52:33.899000Z,2024-04-23T17:09:44.191000Z,2024-04-23T17:03:17.699105Z,594.0,C107BK71,714,33,Female,White,United Kingdom,United Kingdom,United Kingdom,English,DATA_EXPIRED,DATA_EXPIRED
6627e4fbf3b0bc77cc1b80ed,5dcc21c0a913958c073a4041,APPROVED,Not Applicable,2024-04-23T16:42:39.904000Z,2024-04-23T16:52:11.129000Z,2024-04-23T17:09:14.471000Z,2024-04-23T17:02:52.151789Z,572.0,C107BK71,1290,69,Female,White,United Kingdom,United Kingdom,United Kingdom,English,No,"Not in paid work (e.g. homemaker', 'retired or disabled)"
6627e501cde7dc9e16f68c83,60fd0ffce25d42857e7ea569,APPROVED,Not Applicable,2024-04-23T16:42:47.535000Z,2024-04-23T16:54:12.158000Z,2024-04-23T17:10:24.785000Z,2024-04-23T17:04:41.157050Z,685.0,C107BK71,261,28,Female,White,United Kingdom,United Kingdom,United Kingdom,English,DATA_EXPIRED,DATA_EXPIRED
6627e5129d88154b0ca26527,571a57e56a1c6300124bb6bd,APPROVED,Not Applicable,2024-04-23T16:43:02.520000Z,2024-04-23T16:52:17.076000Z,2024-04-23T17:09:20.883000Z,2024-04-23T17:03:00.388366Z,555.0,C107BK71,1913,65,Female,White,United Kingdom,United Kingdom,United Kingdom,English,No,"Not in paid work (e.g. homemaker', 'retired or disabled)"
6627e521f9bf43132aadaf59,63d455ba1597e5cf03740bec,APPROVED,Not Applicable,2024-04-23T16:43:19.442000Z,2024-04-23T16:56:24.868000Z,2024-04-23T17:11:44.483000Z,2024-04-23T17:06:04.379646Z,786.0,C107BK71,198,31,Male,White,United Kingdom,United Kingdom,United Kingdom,English,No,Full-Time
6627e539c81a73d7a96fc9f9,637f861df22fc502abfbc3bd,APPROVED,Not Applicable,2024-04-23T16:43:40.963000Z,2024-04-23T16:53:39.341000Z,2024-04-23T17:10:10.789000Z,2024-04-23T18:04:38.864955Z,599.0,C107BK71,344,51,Male,White,United Kingdom,United Kingdom,United Kingdom,English,No,Full-Time
6627e53ea92568b7a69a5062,5f6c9e7e9d4078069e0d5e08,APPROVED,Not Applicable,2024-04-23T16:43:46.361000Z,2024-04-23T16:51:11.707000Z,2024-04-24T09:58:44.085000Z,2024-04-23T17:01:44.941376Z,446.0,C107BK71,719,46,Female,Mixed,United Kingdom,United Kingdom,United Kingdom,English,No,Full-Time
6627e55865da6fa426c34e25,58e52aa56112f70001f47096,APPROVED,Not Applicable,2024-04-23T16:44:21.924000Z,2024-04-23T16:56:31.021000Z,2024-04-23T17:30:38.711000Z,2024-04-23T17:06:07.307483Z,730.0,C107BK71,846,32,Female,White,United Kingdom,United Kingdom,United Kingdom,English,DATA_EXPIRED,DATA_EXPIRED
6627e559777ce16e2f094379,59f7c290f4217300016cc2fb,APPROVED,Not Applicable,2024-04-23T16:44:15.712000Z,2024-04-23T17:07:11.820000Z,2024-04-23T17:19:53.838000Z,2024-04-23T17:13:32.470218Z,1377.0,C107BK71,1857,45,Female,White,United Kingdom,United Kingdom,United Kingdom,English,No,Part-Time
6627e55c93981187da91f569,5c4080b404f6110001d6fa39,APPROVED,Not Applicable,2024-04-23T16:44:17.777000Z,2024-04-23T17:01:43.962000Z,2024-04-23T17:41:14.077000Z,2024-04-23T17:08:47.190683Z,1047.0,C107BK71,271,28,Female,White,United Kingdom,United Kingdom,United Kingdom,English,No,Full-Time
6627e5671bf783a15d7868c8,5d08e3676f5dfc0019d57a4c,APPROVED,Not Applicable,2024-04-23T16:44:29.744000Z,2024-04-23T16:58:10.295000Z,2024-04-23T17:19:13.044000Z,2024-04-23T17:07:14.454393Z,821.0,C107BK71,172,46,Male,White,United Kingdom,United Kingdom,United Kingdom,English,No,Full-Time
6627e5776a25f7cb220444ce,642f8dcb1057a59932d70c88,APPROVED,Not Applicable,2024-04-23T16:44:44.579000Z,2024-04-23T16:56:07.816000Z,2024-04-23T17:11:31.212000Z,2024-04-23T17:05:52.990606Z,684.0,C107BK71,140,22,Female,White,United Kingdom,United Kingdom,United Kingdom,English,No,Unemployed (and job seeking)
6627e57970f8a3a2d023dcd7,58ebd3e4fa6391000151189b,APPROVED,Not Applicable,2024-04-23T16:44:44.129000Z,2024-04-23T16:52:49.755000Z,2024-04-23T17:09:52.221000Z,2024-04-23T17:03:34.667513Z,486.0,C107BK71,352,44,Female,White,United Kingdom,United Kingdom,United Kingdom,English,No,Part-Time
6627e57a9d88154b0ca26547,5dc8465ad362415b3383405f,APPROVED,Not Applicable,2024-04-23T16:44:47.294000Z,2024-04-23T16:58:28.648000Z,2024-04-23T17:19:25.352000Z,2024-04-23T17:07:25.556088Z,822.0,C107BK71,2378,33,Male,Asian,United States,United States,United States,English,No,DATA_EXPIRED
6627e57c52add21e75c09bb6,5c025fa54e1b7b00016a6027,APPROVED,Not Applicable,2024-04-23T16:44:49.495000Z,2024-04-23T16:58:33.235000Z,2024-04-23T17:19:47.707000Z,2024-04-23T17:07:34.607572Z,824.0,C107BK71,717,59,Female,White,United Kingdom,United Kingdom,United Kingdom,English,No,Part-Time
6627e57e63d5bb9922e43b86,611c107e3dd0a005c255b3e3,APPROVED,Not Applicable,2024-04-23T16:44:50.882000Z,2024-04-23T16:55:15.844000Z,2024-04-23T17:11:02.648000Z,2024-04-23T17:05:25.816820Z,625.0,C107BK71,178,29,Female,White,United States,United States,Mexico,English,DATA_EXPIRED,DATA_EXPIRED
6627e5868883986cbcd91487,5d5407dc922257000153657f,APPROVED,Not Applicable,2024-04-23T16:44:59.559000Z,2024-04-23T17:15:10.981000Z,2024-04-23T17:27:25.240000Z,2024-04-23T17:21:21.928595Z,1812.0,C107BK71,602,38,Female,White,United Kingdom,United Kingdom,United Kingdom,English,No,Full-Time
6627e5988e650aaafac331cb,5ce7d1a01f9f370017ce903d,APPROVED,Not Applicable,2024-04-23T16:45:30.651000Z,2024-04-23T16:57:44.927000Z,2024-04-23T17:19:38.535000Z,2024-04-23T17:07:29.521819Z,735.0,C107BK71,178,31,Female,White,United Kingdom,United Kingdom,United Kingdom,English,No,Full-Time
6627e5a51b27c596231dd6ae,5fbe3cca89f2c20cb19d5efd,APPROVED,Not Applicable,2024-04-23T16:45:29.708000Z,2024-04-23T16:54:23.467000Z,2024-04-23T17:10:44.236000Z,2024-04-23T17:04:50.797954Z,534.0,C107BK71,387,39,Male,Mixed,United Kingdom,United Kingdom,United Kingdom,English,No,Full-Time
6627e5b9b2e362e17a6225b7,5da9a1659413e4001505d7f7,APPROVED,Not Applicable,2024-04-23T16:45:52.686000Z,2024-04-23T17:07:04.107000Z,2024-04-23T17:19:44.516000Z,2024-04-23T17:13:22.823039Z,1272.0,C107BK71,1263,64,Male,White,United Kingdom,United Kingdom,United Kingdom,English,No,Full-Time
6627e5bb57a0edf2a1710601,6428066726cc9262cb146802,APPROVED,Not Applicable,2024-04-23T16:45:53.203000Z,2024-04-23T16:57:10.921000Z,2024-04-23T17:12:27.508000Z,2024-04-23T17:06:32.786606Z,678.0,C107BK71,328,31,Female,White,United Kingdom,United Kingdom,United Kingdom,English,DATA_EXPIRED,DATA_EXPIRED
6627e5c105c90afbece38393,56f5d4dc736c79000b228286,APPROVED,Not Applicable,2024-04-23T16:46:56.219000Z,2024-04-23T16:59:37.824000Z,2024-04-23T17:20:07.027000Z,2024-04-23T17:08:14.899200Z,762.0,C107BK71,1393,32,Male,White,United Kingdom,United Kingdom,United Kingdom,English,No,Full-Time
6627e5d4506c37a827dea05f,5c95017e6357fb0012ef46c4,APPROVED,Not Applicable,2024-04-23T16:46:47.135000Z,2024-04-23T17:04:11.032000Z,2024-04-23T17:28:49.596000Z,2024-04-23T17:10:02.243213Z,1044.0,C107BK71,1410,42,Female,Mixed,United Kingdom,United Kingdom,United Kingdom,English,DATA_EXPIRED,DATA_EXPIRED
6627e5e9059996185ddaa08c,63bccb6f07a515a962d15228,APPROVED,Not Applicable,2024-04-23T16:46:39.451000Z,2024-04-23T17:10:34.902000Z,2024-04-23T17:29:38.551000Z,2024-04-23T17:17:12.234788Z,1436.0,C107BK71,171,26,Female,Mixed,United States,United States,United States,English,DATA_EXPIRED,DATA_EXPIRED
6627e5f5ef922e8a77124019,63e1887c1600a1cec47abfad,APPROVED,Not Applicable,2024-04-23T16:46:51.947000Z,2024-04-23T16:57:46.283000Z,2024-04-23T17:18:59.875000Z,2024-04-23T17:06:57.342881Z,655.0,C107BK71,212,34,Female,Asian,United Kingdom,United Kingdom,United Kingdom,English,No,Full-Time
6627e5f7dbc46be091891f5a,65f34e9ce630ca372dfc9eb3,APPROVED,Not Applicable,2024-04-23T16:46:51.390000Z,2024-04-23T17:00:31.440000Z,2024-04-23T17:20:33.475000Z,2024-04-23T17:08:27.763516Z,821.0,C107BK71,139,32,Male,White,United States,United States,United States,English,No,Full-Time
6627e6116e4cbdf761ddbc92,5aabf0385e19aa00013c21a5,APPROVED,Not Applicable,2024-04-23T16:47:20.169000Z,2024-04-23T17:05:34.675000Z,2024-04-23T17:18:15.561000Z,2024-04-23T17:11:27.520216Z,1095.0,C107BK71,883,50,Female,White,United Kingdom,United Kingdom,United Kingdom,English,No,Full-Time
6627e61b1336a7f1aec892ce,5dadbc8a7ac8810019838e8f,APPROVED,Not Applicable,2024-04-23T16:47:28.771000Z,2024-04-23T16:57:15.407000Z,2024-04-23T17:12:14.788000Z,2024-04-23T17:06:34.991448Z,587.0,C107BK71,178,24,Female,White,United Kingdom,United Kingdom,United Kingdom,English,Yes,Part-Time
6627e62f66d8bbf93fe6be3b,5aa69293f6dfdd0001eb03ec,APPROVED,Not Applicable,2024-04-23T16:47:47.768000Z,2024-04-23T17:00:20.833000Z,2024-04-23T17:20:34.771000Z,2024-04-23T17:08:25.362815Z,754.0,C107BK71,685,31,Male,White,United States,United States,United States,English,DATA_EXPIRED,DATA_EXPIRED
6627e62f777ce16e2f0943ab,6501b3423e94277debd7c98b,APPROVED,Not Applicable,2024-04-23T16:47:50.589000Z,2024-04-23T16:58:39.033000Z,2024-04-23T17:19:28.420000Z,2024-04-23T17:07:31.037938Z,649.0,C107BK71,110,44,Female,White,United Kingdom,United Kingdom,United Kingdom,English,No,Full-Time
6627e639f5a81d693915a0c6,6034344f6333552505c65943,APPROVED,Not Applicable,2024-04-23T16:48:02.589000Z,2024-04-23T17:02:30.122000Z,2024-04-23T17:27:45.322000Z,2024-04-23T17:09:02.606693Z,868.0,C107BK71,281,41,Female,White,United Kingdom,United Kingdom,United Kingdom,English,No,Full-Time
6627e649a72924056d9f1fc4,63d7a79e2606216262545e75,APPROVED,Not Applicable,2024-04-23T16:48:42.959000Z,2024-04-23T17:01:24.219000Z,2024-04-23T17:27:02.125000Z,2024-04-23T17:08:41.541446Z,762.0,C107BK71,861,24,Male,White,United Kingdom,United Kingdom,United Kingdom,English,No,Unemployed (and job seeking)
6627e64c68a6723aa167cc20,62728749cc289a89544ba651,APPROVED,Not Applicable,2024-04-23T16:48:17.824000Z,2024-04-23T17:00:21.785000Z,2024-04-23T17:20:28.806000Z,2024-04-23T17:08:25.706228Z,724.0,C107BK71,794,44,Male,White,United Kingdom,United Kingdom,United Kingdom,English,No,Full-Time
6627e650f800934a81b44d88,5c3f7631ca00d30001c50a32,APPROVED,Not Applicable,2024-04-23T16:48:25.166000Z,2024-04-23T17:07:59.904000Z,2024-04-23T17:26:40.396000Z,2024-04-23T17:14:24.746700Z,1175.0,C107BK71,226,33,Female,Asian,United Kingdom,United Kingdom,United Kingdom,English,No,Due to start a new job within the next month
6627e652f617328fc41a4b4a,5db8ffe349e506000ab230e2,APPROVED,Not Applicable,2024-04-23T16:48:28.759000Z,2024-04-23T17:00:48.990000Z,2024-04-23T17:33:25.686000Z,2024-04-23T17:08:32.988652Z,741.0,C107BK71,1609,37,Female,White,United Kingdom,United Kingdom,United Kingdom,English,DATA_EXPIRED,DATA_EXPIRED
6627e655f15c1abacadeff73,5ff501a5c92b36cd57eb1bc1,APPROVED,Not Applicable,2024-04-23T16:48:30.954000Z,2024-04-23T17:06:42.124000Z,2024-04-23T17:19:33.220000Z,2024-04-23T17:12:55.760814Z,1092.0,C107BK71,517,32,Female,White,United States,United States,United States,English,No,Unemployed (and job seeking)
6627e6567be4f6956a2520cb,5e52b65a6c3d7d2bf47c7cab,APPROVED,Not Applicable,2024-04-23T16:48:28.736000Z,2024-04-23T17:03:18.038000Z,2024-04-23T17:28:26.237000Z,2024-04-23T17:09:33.486872Z,890.0,C107BK71,1020,56,Female,White,United Kingdom,United Kingdom,United Kingdom,English,No,Part-Time
6627e65dd781d19d609f1f75,60fcc085e84772374cdbb26d,APPROVED,Not Applicable,2024-04-23T16:48:35.802000Z,2024-04-23T16:57:43.982000Z,2024-04-23T17:19:29.949000Z,2024-04-23T17:06:58.732354Z,549.0,C107BK71,1656,31,Female,White,United States,United States,United States,English,DATA_EXPIRED,DATA_EXPIRED
6627e692a5f184405ced77f0,6519871275a27125a39713df,APPROVED,Not Applicable,2024-04-23T16:49:36.010000Z,2024-04-23T17:11:26.836000Z,2024-04-23T17:30:05.783000Z,2024-04-23T17:18:00.090565Z,1311.0,C107BK71,227,65,Female,White,United Kingdom,United Kingdom,United Kingdom,English,No,Full-Time
6627e692ed09ecc33a558515,6036e6d7a9be29063e16da2d,APPROVED,Not Applicable,2024-04-23T16:49:28.321000Z,2024-04-23T16:59:07.999000Z,2024-04-23T17:19:43.215000Z,2024-04-23T17:07:53.454251Z,580.0,C107BK71,1050,33,Female,White,United Kingdom,United Kingdom,United Kingdom,English,DATA_EXPIRED,DATA_EXPIRED
6627e6934da32de41fef5897,5d94f81f78648a0018f9c3ed,APPROVED,Not Applicable,2024-04-23T16:49:28.327000Z,2024-04-23T17:06:10.075000Z,2024-04-23T17:18:52.778000Z,2024-04-23T17:12:14.692805Z,1002.0,C107BK71,490,37,Male,White,United Kingdom,United Kingdom,United Kingdom,English,No,Other
6627e6a470f8a3a2d023dd0d,65aa8440d7b43406e3e1f237,APPROVED,Not Applicable,2024-04-23T16:49:45.572000Z,2024-04-23T17:02:43.531000Z,2024-04-23T17:27:58.588000Z,2024-04-23T17:09:11.707478Z,778.0,C107BK71,83,38,Female,White,United Kingdom,United Kingdom,United Kingdom,English,Yes,Full-Time
6627e6a8ac3d9a3748deff8a,5b0282c26a67f90001f6b4d3,APPROVED,Not Applicable,2024-04-23T16:49:44.444000Z,2024-04-23T16:57:23.240000Z,2024-04-23T17:12:19.103000Z,2024-04-23T17:06:39.306074Z,459.0,C107BK71,268,27,Male,White,United Kingdom,United Kingdom,United Kingdom,English,DATA_EXPIRED,DATA_EXPIRED
6627e6a9f81c7aabb1f68cdf,5c5c987b329ee20001083238,APPROVED,Not Applicable,2024-04-23T16:49:49.748000Z,2024-04-23T17:05:17.669000Z,2024-04-23T17:18:05.294000Z,2024-04-23T17:11:10.275918Z,928.0,C107BK71,1041,41,Female,White,United Kingdom,United Kingdom,United Kingdom,English,No,Full-Time
6627e6b30e68bca4fce6ba98,6150cb15473f0a9ebf7598bf,APPROVED,Not Applicable,2024-04-23T16:50:03.180000Z,2024-04-23T17:04:19.459000Z,2024-04-23T17:28:55.393000Z,2024-04-23T17:10:06.022070Z,857.0,C107BK71,91,32,Female,White,United Kingdom,United Kingdom,United Kingdom,English,No,Unemployed (and job seeking)
6627e6d53fc95ad41edaa088,595de3bad44e080001b9d9ee,APPROVED,Not Applicable,2024-04-23T16:50:34.076000Z,2024-04-23T17:00:50.502000Z,2024-04-23T17:26:46.528000Z,2024-04-23T17:08:34.090616Z,617.0,C107BK71,259,56,Female,White,United Kingdom,United Kingdom,United Kingdom,English,DATA_EXPIRED,DATA_EXPIRED
6627e6d73bae8be386880d37,60de25ab473869f48f280d8c,APPROVED,Not Applicable,2024-04-23T16:50:31.005000Z,2024-04-23T17:01:33.443000Z,2024-04-23T17:27:27.622000Z,2024-04-23T17:08:52.738492Z,663.0,C107BK71,132,30,Female,White,United Kingdom,United Kingdom,United Kingdom,English,No,Full-Time
6627e6da7219cb60885546fb,5985966e65326000012c1443,APPROVED,Not Applicable,2024-04-23T16:50:43.885000Z,2024-04-23T17:37:50.229000Z,2024-04-23T17:48:59.258000Z,2024-04-23T17:44:24.669520Z,2827.0,C107BK71,164,47,Female,White,United Kingdom,United Kingdom,United Kingdom,English,No,"Not in paid work (e.g. homemaker', 'retired or disabled)"
6627e704c279eb0a44252106,660a88d97891585fe36fe6d6,APPROVED,Not Applicable,2024-04-23T16:51:21.969000Z,2024-04-23T17:24:22.236000Z,2024-04-23T17:37:48.268000Z,2024-04-23T17:30:45.505500Z,1981.0,C107BK71,13,42,Female,White,United Kingdom,United Kingdom,United Kingdom,English,No,Full-Time
6627e70752c44b0e615cbb56,5c99e6372fd6f10015547681,APPROVED,Not Applicable,2024-04-23T16:51:28.433000Z,2024-04-23T17:07:14.337000Z,2024-04-23T17:32:32.353000Z,2024-04-23T17:13:42.188130Z,946.0,C107BK71,1926,55,Male,White,United Kingdom,United Kingdom,United Kingdom,Welsh,No,Full-Time
6627e709a135ca31ef0d9359,5e321353ce5a721f9330cb16,APPROVED,Not Applicable,2024-04-23T16:51:27.245000Z,2024-04-23T17:02:50.831000Z,2024-04-23T17:27:56.063000Z,2024-04-23T17:09:14.560823Z,684.0,C107BK71,307,34,Female,White,United Kingdom,United Kingdom,United Kingdom,English,No,Full-Time
6627e71c4a0aa8a51f451e82,6110afe5ca0fbaba210ee3d8,APPROVED,Not Applicable,2024-04-23T16:51:45.987000Z,2024-04-23T17:00:11.678000Z,2024-04-23T17:26:54.617000Z,2024-04-23T17:08:28.296308Z,506.0,C107BK71,1334,21,Female,White,United States,United States,United States,English,Yes,DATA_EXPIRED
6627e71fa72924056d9f1fee,57df79e3631235000138b079,APPROVED,Not Applicable,2024-04-23T16:51:50.717000Z,2024-04-23T17:02:12.227000Z,2024-04-23T17:27:38.431000Z,2024-04-23T17:08:55.787427Z,622.0,C107BK71,256,33,Female,White,United Kingdom,United Kingdom,United Kingdom,English,DATA_EXPIRED,Full-Time
6627e729108e95a7f31c2ff5,5ca9b3e6635fb500014ec570,APPROVED,Not Applicable,2024-04-23T16:52:01.910000Z,2024-04-23T16:59:56.106000Z,2024-04-23T17:20:13.732000Z,2024-04-23T17:08:18.763433Z,475.0,C107BK71,1330,48,Male,White,United Kingdom,United Kingdom,United Kingdom,English,No,DATA_EXPIRED
6627e72aa72924056d9f1ff4,5db0e56e95628c0011e6df82,APPROVED,Not Applicable,2024-04-23T16:51:57.600000Z,2024-04-23T17:07:20.361000Z,2024-04-23T17:20:02.626000Z,2024-04-23T17:13:42.173745Z,923.0,C107BK71,1201,30,Female,White,United Kingdom,United Kingdom,United Kingdom,English,No,Part-Time
6627e72f8773bad5f91a9583,6362aa281270ea7fc6656dc7,APPROVED,Not Applicable,2024-04-23T16:52:01.831000Z,2024-04-23T17:13:44.974000Z,2024-04-23T17:26:02.251000Z,2024-04-23T17:20:05.855253Z,1304.0,C107BK71,270,23,Female,White,United Kingdom,United Kingdom,United Kingdom,English,No,Part-Time
6627e7306db358dc05fa0e1f,61587a47655ef186b4e00648,APPROVED,Not Applicable,2024-04-23T16:52:10.591000Z,2024-04-23T17:10:12.610000Z,2024-04-23T17:29:00.388000Z,2024-04-23T17:16:46.830315Z,1083.0,C107BK71,1218,60,Female,White,United Kingdom,United Kingdom,United Kingdom,English,DATA_EXPIRED,Full-Time
6627e731babd10ce3c710750,5b43ac39c60eba0001099de6,APPROVED,Not Applicable,2024-04-23T16:55:23.393000Z,2024-04-23T17:05:04.855000Z,2024-04-23T17:36:27.988000Z,2024-04-23T17:10:54.419519Z,582.0,C107BK71,328,35,Female,Other,United States,United States,United States,English,No,DATA_EXPIRED
6627e738ab87cec779496a33,5d2e56ae72b6780001c66698,APPROVED,Not Applicable,2024-04-23T16:52:14.025000Z,2024-04-23T17:02:17.715000Z,2024-04-23T17:27:43.981000Z,2024-04-23T17:09:01.530273Z,604.0,C107BK71,1941,26,Female,White,United States,United States,United States,English,DATA_EXPIRED,DATA_EXPIRED
6627e73c580135fa6cfe5c56,5c3692931ede2b0001150e7e,APPROVED,Not Applicable,2024-04-23T16:52:29.541000Z,2024-04-23T17:04:28.393000Z,2024-04-23T17:29:02.814000Z,2024-04-23T17:10:22.570599Z,719.0,C107BK71,846,23,Female,White,United Kingdom,United Kingdom,United Kingdom,English,Yes,Other
6627e741a7ba048c49df59b1,6613f9d5fe211e3c2b9af103,APPROVED,Not Applicable,2024-04-23T16:52:33.026000Z,2024-04-23T17:10:48.513000Z,2024-04-23T17:29:35.298000Z,2024-04-23T17:17:23.398682Z,1096.0,C107BK71,33,30,Female,Mixed,United States,United States,United States,English,No,Unemployed (and job seeking)
6627e750a390e7ae4b60664c,62fb792c089c2b4a4ec4b48b,APPROVED,Not Applicable,2024-04-23T16:52:38.106000Z,2024-04-23T17:04:07.042000Z,2024-04-23T17:28:42.532000Z,2024-04-23T17:09:59.750919Z,689.0,C107BK71,652,36,Female,White,United Kingdom,United Kingdom,United Kingdom,English,No,Full-Time
6627e7578ac2a1d404159c43,5e36a3acd119d66316c22bc5,APPROVED,Not Applicable,2024-04-23T16:52:45.818000Z,2024-04-23T17:02:20.695000Z,2024-04-23T18:15:26.276000Z,2024-04-23T17:08:57.144913Z,575.0,C107BK71,1112,43,Female,White,United Kingdom,United Kingdom,United Kingdom,English,DATA_EXPIRED,DATA_EXPIRED
6627e75ae61eae0fcae8cbda,607d91eab8be13e8c81257aa,APPROVED,Not Applicable,2024-04-23T16:52:46.804000Z,2024-04-23T17:07:40.144000Z,2024-04-23T17:26:18.329000Z,2024-04-23T17:14:03.313522Z,894.0,C107BK71,1052,47,Female,White,United Kingdom,United Kingdom,United Kingdom,English,No,"Not in paid work (e.g. homemaker', 'retired or disabled)"
6627e7642c106338eaee4afb,604a5a451dc118c74850eb82,APPROVED,Not Applicable,2024-04-23T16:52:57.506000Z,2024-04-23T17:10:22.672000Z,2024-04-23T17:29:26.580000Z,2024-04-23T17:17:18.515256Z,1046.0,C107BK71,1459,55,Male,White,United Kingdom,United Kingdom,United Kingdom,English,No,Part-Time
6627e7687444ff48726cbe04,6127a10a1185693f244def6b,APPROVED,Not Applicable,2024-04-23T16:53:05.170000Z,2024-04-23T17:03:36.316000Z,2024-04-23T17:35:12.321000Z,2024-04-23T17:09:43.575186Z,632.0,C107BK71,676,64,Female,White,United Kingdom,United Kingdom,United Kingdom,English,No,Other
6627e768a92568b7a69a50d4,63187fdd07023b91dcad6b18,APPROVED,Not Applicable,2024-04-23T16:53:02.884000Z,2024-04-23T17:03:21.943000Z,2024-04-23T17:28:29.596000Z,2024-04-23T17:09:43.578321Z,620.0,C107BK71,580,25,Male,White,United Kingdom,United Kingdom,United Kingdom,English,DATA_EXPIRED,DATA_EXPIRED
6627e76cfec061bf1ba0f6a6,5e1349de814bba97b490a241,APPROVED,Not Applicable,2024-04-23T16:53:05.119000Z,2024-04-23T17:00:58.131000Z,2024-04-23T17:33:24.788000Z,2024-04-23T17:08:35.776395Z,474.0,C107BK71,1950,41,Female,White,United Kingdom,United Kingdom,United Kingdom,English,DATA_EXPIRED,DATA_EXPIRED
6627e76e4a528599ae1a66d1,63d193a08edec060ac4c8e2c,APPROVED,Not Applicable,2024-04-23T16:53:06.965000Z,2024-04-23T17:00:49.228000Z,2024-04-23T17:26:44.359000Z,2024-04-23T17:08:33.350733Z,463.0,C107BK71,354,35,Male,White,United Kingdom,United Kingdom,United Kingdom,English,No,Full-Time
6627e776f9bf43132aadafe6,585bd8635f93120001516c05,APPROVED,Not Applicable,2024-04-23T16:53:16.192000Z,2024-04-23T17:05:43.894000Z,2024-04-23T17:18:11.789000Z,2024-04-23T17:11:40.586596Z,748.0,C107BK71,2006,61,Female,White,United Kingdom,United Kingdom,United Kingdom,English,No,Part-Time
6627e77eae1dc5ef4bf418ec,5c696947a26a850001443f87,APPROVED,Not Applicable,2024-04-23T16:53:24.028000Z,2024-04-23T17:08:33.242000Z,2024-04-23T17:27:34.585000Z,2024-04-23T17:15:01.800859Z,910.0,C107BK71,1106,43,Male,White,United Kingdom,United Kingdom,United Kingdom,English,No,Full-Time
6627e77ff456a4814af4183d,5d599edd98cf220016ec562e,APPROVED,Not Applicable,2024-04-23T16:53:19.303000Z,2024-04-23T17:23:38.545000Z,2024-04-23T17:37:22.445000Z,2024-04-23T17:30:17.438585Z,1820.0,C107BK71,1448,66,Male,White,United Kingdom,United Kingdom,United Kingdom,English,No,"Not in paid work (e.g. homemaker', 'retired or disabled)"
6627e7814da32de41fef58be,5ac01e17e1546900019bd462,APPROVED,Not Applicable,2024-04-23T16:53:26.326000Z,2024-04-23T17:13:04.856000Z,2024-04-23T17:32:05.976000Z,2024-04-23T17:19:28.446997Z,1179.0,C107BK71,586,24,Female,White,United Kingdom,United Kingdom,United Kingdom,English,DATA_EXPIRED,DATA_EXPIRED
6627e7847b6a1f7ad88810cb,6557ca384a9cc0c7d81cdef8,APPROVED,Not Applicable,2024-04-23T16:53:28.981000Z,2024-04-23T17:09:48.422000Z,2024-04-23T17:28:40.508000Z,2024-04-23T17:16:21.119448Z,980.0,C107BK71,195,31,Female,Mixed,United States,United States,United States,English,No,Part-Time
6627e78619cc6e7dd1c628fc,600b3f24668a930a525a0b47,APPROVED,Not Applicable,2024-04-23T16:53:30.223000Z,2024-04-23T17:08:37.192000Z,2024-04-23T17:27:18.610000Z,2024-04-23T17:15:06.042641Z,907.0,C107BK71,1713,31,Male,Mixed,United Kingdom,United Kingdom,United Kingdom,English,No,Full-Time
6627e788fa8c87701d044602,6362852176f08a3984fa6ef1,APPROVED,Not Applicable,2024-04-23T16:53:33.184000Z,2024-04-23T17:02:37.163000Z,2024-04-23T17:41:41.778000Z,2024-04-23T17:09:12.799367Z,544.0,C107BK71,747,25,Male,Black,United States,United States,United States,English,DATA_EXPIRED,DATA_EXPIRED
6627e789f617328fc41a4b95,5eba8aec7bb5c61f3282a3d7,APPROVED,Not Applicable,2024-04-23T16:53:34.206000Z,2024-04-23T17:41:28.127000Z,2024-04-23T17:51:32.174000Z,2024-04-23T17:46:43.633557Z,2874.0,C107BK71,1029,27,Female,White,United Kingdom,United Kingdom,United Kingdom,English,DATA_EXPIRED,Full-Time
6627e78a39dc9bdde691f62f,5d531d67c208c0000167ff54,APPROVED,Not Applicable,2024-04-23T16:53:36.186000Z,2024-04-23T17:02:25.580000Z,2024-04-23T17:34:38.312000Z,2024-04-23T17:09:00.272342Z,530.0,C107BK71,841,56,Female,White,United Kingdom,United Kingdom,United Kingdom,English,No,Part-Time
6627e7921f856c24f13beb01,5bee61601f9cac000173723d,APPROVED,Not Applicable,2024-04-23T16:53:50.319000Z,2024-04-23T17:06:47.930000Z,2024-04-23T17:19:27.475000Z,2024-04-23T17:13:02.443010Z,778.0,C107BK71,465,35,Female,White,United Kingdom,United Kingdom,United Kingdom,English,DATA_EXPIRED,DATA_EXPIRED
6627e7963f8dbeac2afbf016,61085178bae786a75006e655,APPROVED,Not Applicable,2024-04-23T16:54:49.117000Z,2024-04-23T17:03:41.226000Z,2024-04-23T17:28:34.100000Z,2024-04-23T17:09:49.532469Z,533.0,C107BK71,504,23,Female,White,United States,United States,United States,English,No,DATA_EXPIRED
6627e7a6edd2b00614333f06,5cd6c6fd987ddd00187b79fd,APPROVED,Not Applicable,2024-04-23T16:53:58.927000Z,2024-04-23T17:07:40.995000Z,2024-04-23T17:26:19.993000Z,2024-04-23T17:14:05.188009Z,823.0,C107BK71,2621,30,Male,White,United Kingdom,United Kingdom,United Kingdom,English,No,Full-Time
6627e7b9a94d2734a3334041,5bee944e020e2a0001313c4a,APPROVED,Not Applicable,2024-04-23T16:54:23.045000Z,2024-04-23T17:00:24.839000Z,2024-04-24T09:43:25.087000Z,2024-04-23T17:08:26.170979Z,362.0,C107BK71,352,29,Female,White,United States,United States,United States,English,No,Unemployed (and job seeking)
6627e7baa135ca31ef0d9377,61475945e9378b929c8f37fc,APPROVED,Not Applicable,2024-04-23T16:54:24.508000Z,2024-04-23T17:05:29.879000Z,2024-04-23T17:17:52.464000Z,2024-04-23T17:11:22.032413Z,666.0,C107BK71,1257,43,Female,White,United Kingdom,United Kingdom,United Kingdom,English,No,Full-Time
6627e7c6a41ae5694bd3441f,63c40fa02eac8f477da5fd47,APPROVED,Not Applicable,2024-04-23T16:54:38.355000Z,2024-04-23T17:07:32.441000Z,2024-04-23T17:20:23.152000Z,2024-04-23T17:13:53.919148Z,775.0,C107BK71,123,56,Female,White,United Kingdom,United Kingdom,United Kingdom,English,No,Full-Time
6627e7cd8e5cedbe76327bcd,5c48a94d8133a40001bae2d7,RETURNED,Not Applicable,2024-04-23T16:54:41.313000Z,2024-04-23T17:02:39.772000Z,,2024-04-23T17:09:08.875895Z,,C1BH0PQA,301,CONSENT_REVOKED,CONSENT_REVOKED,CONSENT_REVOKED,CONSENT_REVOKED,CONSENT_REVOKED,CONSENT_REVOKED,CONSENT_REVOKED,CONSENT_REVOKED,CONSENT_REVOKED
6627e7da4a528599ae1a66eb,63e257ebe0b2ccfa0fa2e99a,APPROVED,Not Applicable,2024-04-23T16:55:08.340000Z,2024-04-23T17:14:21.239000Z,2024-04-23T17:26:45.513000Z,2024-04-23T17:20:47.431157Z,1153.0,C107BK71,285,64,Female,White,United Kingdom,United Kingdom,United Kingdom,English,No,"Not in paid work (e.g. homemaker', 'retired or disabled)"
6627e7de52add21e75c09c2a,660821bbac8f86bad68d0cf3,APPROVED,Not Applicable,2024-04-23T16:55:06.262000Z,2024-04-23T17:09:50.811000Z,2024-04-23T17:28:35.776000Z,2024-04-23T17:16:23.319543Z,885.0,C107BK71,25,32,Female,White,United Kingdom,United Kingdom,United Kingdom,English,No,Full-Time
6627e7e36db358dc05fa0e49,59da1d19e2762800015eb7a2,APPROVED,Not Applicable,2024-04-23T16:55:05.536000Z,2024-04-23T17:06:31.112000Z,2024-04-23T17:19:06.267000Z,2024-04-23T17:12:40.448810Z,686.0,C107BK71,639,40,Female,White,United Kingdom,United Kingdom,United Kingdom,English,No,Part-Time
6627e7e63be0542b201a950f,6085bf37d4b56a9c55524d89,APPROVED,Not Applicable,2024-04-23T16:55:13.250000Z,2024-04-23T17:09:23.398000Z,2024-04-23T17:28:07.454000Z,2024-04-23T17:15:54.509912Z,851.0,C107BK71,341,36,Male,White,United Kingdom,United Kingdom,United Kingdom,English,No,Full-Time
6627e7e88773bad5f91a95ba,5b2c9b165b5c0900018b45ef,APPROVED,Not Applicable,2024-04-23T16:56:12.097000Z,2024-04-23T17:10:45.948000Z,2024-04-23T17:29:55.731000Z,2024-04-23T17:17:20.497002Z,874.0,C107BK71,1120,49,Female,White,United Kingdom,United Kingdom,United Kingdom,English,No,Full-Time
6627e7e9a72924056d9f2016,5f4102e52cd459256b5014a9,APPROVED,Not Applicable,2024-04-23T16:55:12.619000Z,2024-04-23T17:14:06.583000Z,2024-04-23T17:26:23.378000Z,2024-04-23T17:20:26.599315Z,1134.0,C107BK71,1816,65,Female,White,United Kingdom,United Kingdom,United Kingdom,English,No,DATA_EXPIRED
6627e7eb22d252867af72069,6326eb330841b43a680facba,APPROVED,Not Applicable,2024-04-23T16:55:15.268000Z,2024-04-23T17:07:55.089000Z,2024-04-23T18:20:42.694000Z,2024-04-23T17:14:21.584703Z,760.0,C107BK71,472,69,Female,White,United Kingdom,United Kingdom,United Kingdom,English,No,"Not in paid work (e.g. homemaker', 'retired or disabled)"
6627e7f0fbe9faddeac84f79,5a2527ecc9199b0001081ace,APPROVED,Not Applicable,2024-04-23T16:55:18.595000Z,2024-04-23T17:07:29.822000Z,2024-04-23T17:20:11.837000Z,2024-04-23T17:13:51.936691Z,732.0,C107BK71,1124,54,Female,Asian,United Kingdom,United Kingdom,United Kingdom,Chinese,No,Other
6627e7f2a9653358743ab46e,5ca8b2b8614b7b0016be5501,APPROVED,Not Applicable,2024-04-23T16:55:22.031000Z,2024-04-23T17:07:06.201000Z,2024-04-23T17:25:42.502000Z,2024-04-23T17:13:26.205865Z,705.0,C107BK71,933,41,Female,White,United Kingdom,United Kingdom,United Kingdom,English,No,Full-Time
6627e7f5727708725c23ddf6,57f11328f283e200011bc93e,APPROVED,Not Applicable,2024-04-23T16:55:23.070000Z,2024-04-23T17:10:23.497000Z,2024-04-23T17:36:05.732000Z,2024-04-23T17:16:55.473554Z,901.0,C107BK71,1871,41,Female,White,United Kingdom,United Kingdom,United Kingdom,English,DATA_EXPIRED,DATA_EXPIRED
6627e7f859affa078aa20139,648351c4e05398f278b06e6c,APPROVED,Not Applicable,2024-04-23T16:55:25.678000Z,2024-04-23T17:05:33.264000Z,2024-04-23T17:30:16.111000Z,2024-04-23T17:11:36.586251Z,608.0,C107BK71,364,57,Female,White,United Kingdom,United Kingdom,United Kingdom,English,DATA_EXPIRED,DATA_EXPIRED
6627e7fad30651e658c09c6e,5fa0adf677c87511c18c2475,APPROVED,Not Applicable,2024-04-23T16:55:28.917000Z,2024-04-23T17:03:42.445000Z,2024-04-23T17:28:32.514000Z,2024-04-23T17:09:46.691541Z,494.0,C107BK71,3156,39,Female,White,United States,United States,United States,English,No,Part-Time
6627e7fd6e4cbdf761ddbd0e,60fdfebf34e9b78c0d472d1e,APPROVED,Not Applicable,2024-04-23T16:55:33.939000Z,2024-04-23T17:04:08.897000Z,2024-04-23T17:28:44.161000Z,2024-04-23T17:10:00.797933Z,515.0,C107BK71,1151,27,Female,Mixed,United States,United States,United States,English,No,Full-Time
6627e7fed30651e658c09c72,5a6b78840384310001945b47,APPROVED,Not Applicable,2024-04-23T16:55:30.746000Z,2024-04-23T17:04:48.683000Z,2024-04-23T17:29:19.923000Z,2024-04-23T17:10:38.421958Z,558.0,C107BK71,2329,49,Female,White,United Kingdom,United Kingdom,United Kingdom,English,No,Part-Time
6627e7ff7190adc5e6d3444a,5f09fab615ee6b0ab5235b15,APPROVED,Not Applicable,2024-04-23T16:55:27.680000Z,2024-04-23T17:07:38.417000Z,2024-04-23T17:20:22.025000Z,2024-04-23T17:13:59.557706Z,731.0,C107BK71,1353,51,Male,White,United Kingdom,United Kingdom,United Kingdom,English,DATA_EXPIRED,DATA_EXPIRED
6627e7ff9b43e39e62a36dcd,6277fa58c449d119007f774e,APPROVED,Not Applicable,2024-04-23T16:55:32.086000Z,2024-04-23T17:21:51.653000Z,2024-04-23T17:35:03.664000Z,2024-04-23T17:27:59.580668Z,1580.0,C107BK71,391,53,Female,White,United Kingdom,United Kingdom,United Kingdom,English,No,Part-Time
6627e8043f8dbeac2afbf040,63f77f1d502d6f83277a84a1,APPROVED,Not Applicable,2024-04-23T16:56:33.656000Z,2024-04-23T17:09:27.513000Z,2024-04-23T17:28:09.281000Z,2024-04-23T17:15:57.342656Z,774.0,C107BK71,539,30,Male,White,United Kingdom,United Kingdom,United Kingdom,English,No,Full-Time
6627e8083fc95ad41edaa0bb,54d3efe0fdf99b28de8be473,APPROVED,Not Applicable,2024-04-23T16:55:44.022000Z,2024-04-23T17:04:35.737000Z,2024-04-23T17:29:28.129000Z,2024-04-23T17:10:23.026457Z,532.0,C107BK71,61,40,Female,White,United Kingdom,United Kingdom,United Kingdom,English,No,Part-Time
6627e80bddedc783771dd679,66150c54bb1306f316893368,APPROVED,Not Applicable,2024-04-23T16:55:50.730000Z,2024-04-23T17:09:57.682000Z,2024-04-23T17:42:51.487000Z,2024-04-23T17:16:29.977829Z,847.0,C107BK71,37,53,Female,White,United Kingdom,United Kingdom,United Kingdom,English,No,Full-Time
6627e80ccc1924d2dbef583b,5affe1f4331e8100018f1d45,APPROVED,Not Applicable,2024-04-23T16:55:40.986000Z,2024-04-23T17:20:10.045000Z,2024-04-23T17:32:40.112000Z,2024-04-23T17:26:07.674265Z,1470.0,C107BK71,2258,59,Female,Black,United Kingdom,United Kingdom,United Kingdom,English,No,Part-Time
6627e80cced43fe4e5aa9af0,589f4cdd890ea500014c4d85,APPROVED,Not Applicable,2024-04-23T16:55:40.172000Z,2024-04-23T17:07:47.966000Z,2024-04-23T17:20:31.642000Z,2024-04-23T17:14:13.759124Z,728.0,C107BK71,1877,63,Female,White,United Kingdom,United Kingdom,United Kingdom,English,No,"Not in paid work (e.g. homemaker', 'retired or disabled)"
6627e817f929af0ed1f5f60d,5d378e7456b5f3001932750e,APPROVED,Not Applicable,2024-04-23T16:55:51.628000Z,2024-04-23T17:01:37.307000Z,2024-04-24T09:58:45.601000Z,2024-04-23T17:09:00.769253Z,346.0,C107BK71,349,25,Male,White,United Kingdom,United Kingdom,United Kingdom,English,DATA_EXPIRED,DATA_EXPIRED
6627e81d2bd8733d6aee4b6c,5ea9a45308251a0bef40b8c3,APPROVED,Not Applicable,2024-04-23T16:56:05.975000Z,2024-04-23T17:14:18.853000Z,2024-04-23T17:26:35.426000Z,2024-04-23T17:20:38.103722Z,1093.0,C107BK71,1098,71,Female,White,United Kingdom,United Kingdom,United Kingdom,English,No,DATA_EXPIRED
6627e8337219cb6088554747,5ac888369534ba0001c763e1,APPROVED,Not Applicable,2024-04-23T16:56:31.898000Z,2024-04-23T17:13:52.292000Z,2024-04-23T17:26:10.118000Z,2024-04-23T17:20:13.988742Z,1041.0,C107BK71,1379,52,Female,White,United Kingdom,United Kingdom,United Kingdom,English,No,Full-Time
6627e83517f70ad1c582a258,5ea55df76205ad53a793bc01,APPROVED,Not Applicable,2024-04-23T16:56:52.527000Z,2024-04-23T17:09:21.403000Z,2024-04-23T17:28:03.770000Z,2024-04-23T17:15:52.059176Z,749.0,C107BK71,2667,61,Male,White,United Kingdom,United Kingdom,United Kingdom,English,No,Full-Time
6627e835f81c7aabb1f68d4b,60fc3a1e0eb578aa02590e27,APPROVED,Not Applicable,2024-04-23T16:56:26.589000Z,2024-04-23T17:04:37.902000Z,2024-04-23T17:29:04.938000Z,2024-04-23T17:10:24.323349Z,492.0,C107BK71,368,23,Female,Mixed,United Kingdom,United Kingdom,United Kingdom,English,No,Full-Time
6627e839a7021a0383e43d4b,5b99238d30357200010c9ddc,APPROVED,Not Applicable,2024-04-23T16:56:25.582000Z,2024-04-23T17:05:43.398000Z,2024-04-23T17:18:09.119000Z,2024-04-23T17:11:39.562915Z,558.0,C107BK71,1778,40,Female,White,United Kingdom,United Kingdom,United Kingdom,English,No,Part-Time
6627e83d7cdfbe4666fe5cac,5a6f6e3a6923df0001ef8f8d,APPROVED,Not Applicable,2024-04-23T16:56:44.098000Z,2024-04-23T17:44:21.321000Z,2024-04-23T17:53:55.920000Z,2024-04-23T17:49:03.706021Z,2858.0,C107BK71,346,77,Female,White,United Kingdom,United Kingdom,United Kingdom,English,No,"Not in paid work (e.g. homemaker', 'retired or disabled)"
6627e84c19cc6e7dd1c62937,5ddcfd90dc664a000ccee803,APPROVED,Not Applicable,2024-04-23T16:56:47.860000Z,2024-04-23T17:08:06.643000Z,2024-04-23T17:26:51.938000Z,2024-04-23T17:14:32.113372Z,679.0,C107BK71,253,33,Female,White,United Kingdom,United Kingdom,United Kingdom,English,No,Full-Time
6627e850d781d19d609f1fd0,5ea05446e6c741000b235df5,APPROVED,Not Applicable,2024-04-23T16:56:55.682000Z,2024-04-23T17:13:28.025000Z,2024-04-23T17:25:59.689000Z,2024-04-23T17:20:04.859979Z,993.0,C107BK71,338,58,Female,White,United Kingdom,United Kingdom,United Kingdom,English,No,Full-Time
6627e857ac3d9a3748deffed,6102eb5c475e68dca44b2695,APPROVED,Not Applicable,2024-04-23T16:57:01.071000Z,2024-04-23T17:09:54.456000Z,2024-04-23T17:28:37.439000Z,2024-04-23T17:16:25.986758Z,774.0,C107BK71,107,27,Female,White,United States,United States,United States,English,No,Part-Time
6627e85c6c78c68212adb0a2,5e713a14dcb6a904c303ade8,APPROVED,Not Applicable,2024-04-23T16:57:03.569000Z,2024-04-23T17:30:51.265000Z,2024-04-23T17:44:23.326000Z,2024-04-23T17:37:58.083870Z,2028.0,C107BK71,1032,31,Male,Black,United Kingdom,United Kingdom,United Kingdom,Esperanto,No,Full-Time
6627e86244a85d234fc84f89,60a56db43083c0ff59dded00,APPROVED,Not Applicable,2024-04-23T16:57:15.504000Z,2024-04-23T17:10:52.748000Z,2024-04-23T17:36:50.871000Z,2024-04-23T17:17:50.821615Z,818.0,C107BK71,359,30,Female,Mixed,United Kingdom,United Kingdom,United Kingdom,English,No,"Not in paid work (e.g. homemaker', 'retired or disabled)"
6627e8659a28038b023beb78,5ee830457c86c60009ef0209,APPROVED,Not Applicable,2024-04-23T16:57:15.995000Z,2024-04-23T17:11:23.010000Z,2024-04-23T17:30:21.364000Z,2024-04-23T17:17:57.763132Z,848.0,C107BK71,233,34,Male,White,United Kingdom,United Kingdom,United Kingdom,English,No,Due to start a new job within the next month
6627e86f580135fa6cfe5c8a,63d00622fd37f382d3ce2ec1,APPROVED,Not Applicable,2024-04-23T16:57:26.201000Z,2024-04-23T17:23:29.672000Z,2024-04-23T17:36:41.121000Z,2024-04-23T17:29:44.546343Z,1564.0,C107BK71,542,27,Male,White,United States,United States,United States,English,DATA_EXPIRED,DATA_EXPIRED
6627e8720641528a3431ef24,5e378948cd9d1670b2b86a51,APPROVED,Not Applicable,2024-04-23T16:57:29.068000Z,2024-04-23T17:24:55.861000Z,2024-04-23T17:38:27.115000Z,2024-04-23T17:31:19.424668Z,1647.0,C107BK71,2777,40,Male,White,United States,United States,United States,English,No,Full-Time
6627e8724aa2f2a516563eb4,5f28064b602953076a624535,APPROVED,Not Applicable,2024-04-23T16:57:26.622000Z,2024-04-23T17:17:43.787000Z,2024-04-23T17:29:57.537000Z,2024-04-23T17:23:41.396885Z,1218.0,C107BK71,625,33,Female,White,United Kingdom,United Kingdom,United Kingdom,English,DATA_EXPIRED,DATA_EXPIRED
6627e872d61b9a00261240cb,65d0c8db07667d22ea8dd5a5,APPROVED,Not Applicable,2024-04-23T16:57:30.452000Z,2024-04-23T17:09:43.172000Z,2024-04-23T17:35:41.550000Z,2024-04-23T17:16:16.157265Z,733.0,C107BK71,68,36,Female,White,United Kingdom,United Kingdom,United Kingdom,English,No,Full-Time
6627e875de6caad27dc6290f,60206310ea41df674fec540a,APPROVED,Not Applicable,2024-04-23T16:57:32.239000Z,2024-04-23T17:14:35.490000Z,2024-04-23T17:33:40.348000Z,2024-04-23T17:20:51.477616Z,1024.0,C107BK71,1231,53,Female,White,United Kingdom,United Kingdom,United Kingdom,English,No,Full-Time
6627e87bed7394b09ab40c8a,5eac84ff4efbe80ffd3962f1,APPROVED,Not Applicable,2024-04-23T16:57:31.778000Z,2024-04-23T17:10:40.730000Z,2024-04-23T17:36:31.319000Z,2024-04-23T17:17:20.158829Z,789.0,C107BK71,819,37,Male,White,United Kingdom,United Kingdom,United Kingdom,English,No,Full-Time
6627e897430e850a8dd1df38,55c470b4fdf99b1d6e00d139,APPROVED,Not Applicable,2024-04-23T16:58:12.997000Z,2024-04-23T17:13:24.344000Z,2024-04-23T17:25:41.264000Z,2024-04-23T17:19:47.756537Z,912.0,C107BK71,865,59,Male,DATA_EXPIRED,United Kingdom,United Kingdom,United Kingdom,English,DATA_EXPIRED,DATA_EXPIRED
6627e89a42016abceb65b733,5f4a9715ad5ee6637c2a1f13,APPROVED,Not Applicable,2024-04-23T16:58:06.256000Z,2024-04-23T17:06:56.044000Z,2024-04-23T17:19:35.068000Z,2024-04-23T17:13:13.513655Z,530.0,C107BK71,1027,32,Male,White,United Kingdom,United Kingdom,United Kingdom,English,No,Full-Time
6627e89d0641528a3431ef4d,62d194e0504c42d9aaaafb8a,APPROVED,Not Applicable,2024-04-23T16:58:11.165000Z,2024-04-23T17:13:04.789000Z,2024-04-23T17:32:07.382000Z,2024-04-23T17:19:28.723080Z,894.0,C107BK71,319,21,Male,Asian,United Kingdom,United Kingdom,United Kingdom,English,No,Part-Time
6627e8a54a0aa8a51f451ed5,6176853e6a72b82080d7703b,APPROVED,Not Applicable,2024-04-23T16:58:24.048000Z,2024-04-23T17:16:06.043000Z,2024-04-23T17:28:18.623000Z,2024-04-23T17:22:11.228648Z,1062.0,C107BK71,524,64,Male,White,United Kingdom,United Kingdom,United Kingdom,English,No,Part-Time
6627e8c41bf783a15d7869b3,5e85f667db8aa41f74436a9f,APPROVED,Not Applicable,2024-04-23T16:58:48.701000Z,2024-04-23T17:06:27.379000Z,2024-04-23T17:19:02.220000Z,2024-04-23T17:12:36.154178Z,459.0,C107BK71,306,22,Male,White,United Kingdom,United Kingdom,United Kingdom,English,DATA_EXPIRED,DATA_EXPIRED
6627e8f3120a8a44aefd5a40,6627e4f4905a876da8a476a8,APPROVED,Not Applicable,2024-04-23T16:59:50.937000Z,2024-04-23T17:12:53.950000Z,2024-04-23T17:31:32.926000Z,2024-04-23T17:19:19.309333Z,784.0,C107BK71,0,47,Male,White,United States,United States,United States,English,DATA_EXPIRED,DATA_EXPIRED
6627e8fcdb7e9241551212fc,660ffc3c675137823736c3ee,APPROVED,Not Applicable,2024-04-23T16:59:46.693000Z,2024-04-23T17:14:32.985000Z,2024-04-23T17:26:48.456000Z,2024-04-23T17:20:50.149317Z,887.0,C107BK71,11,32,Male,White,United Kingdom,United Kingdom,United Kingdom,English,No,Full-Time
6627e90f74469aadf1024bc0,6157467e0a080dc279cf5a49,APPROVED,Not Applicable,2024-04-23T16:59:59.904000Z,2024-04-23T17:12:18.584000Z,2024-04-23T17:31:01.431000Z,2024-04-23T17:18:47.054142Z,739.0,C107BK71,1300,57,Male,White,United Kingdom,United Kingdom,United Kingdom,English,No,DATA_EXPIRED
6627e94ea8b40c1776d5bf0b,63d157702e8febf67d4a5acc,APPROVED,Not Applicable,2024-04-23T17:01:53.887000Z,2024-04-23T17:12:35.092000Z,2024-04-23T17:31:17.404000Z,2024-04-23T17:19:02.795467Z,642.0,C107BK71,250,38,Male,White,United Kingdom,United Kingdom,United Kingdom,English,No,Full-Time
6627e95121eee4e9a3f7b664,63ed2136cc272b2aea4bc0dd,APPROVED,Not Applicable,2024-04-23T17:01:11.555000Z,2024-04-23T17:11:41.084000Z,2024-04-23T17:30:44.657000Z,2024-04-23T17:18:13.678833Z,630.0,C107BK71,891,34,Male,White,United States,United States,United States,English,DATA_EXPIRED,Full-Time
6627e9609d88154b0ca26623,63d6585340a67f5671ef6b7f,APPROVED,Not Applicable,2024-04-23T17:01:27.082000Z,2024-04-23T17:20:25.826000Z,2024-04-23T17:33:00.936000Z,2024-04-23T17:26:24.656845Z,1139.0,C107BK71,869,60,Male,White,United Kingdom,United Kingdom,United Kingdom,English,No,DATA_EXPIRED
6627e986a135ca31ef0d93c2,60b6499af963de7ce527d399,APPROVED,Not Applicable,2024-04-23T17:02:02.239000Z,2024-04-23T17:14:26.033000Z,2024-04-23T17:33:19.403000Z,2024-04-23T17:20:44.094905Z,744.0,C107BK71,1199,32,Male,White,United Kingdom,United Kingdom,United Kingdom,English,DATA_EXPIRED,DATA_EXPIRED
6627e987ac3d9a3748df001b,601c4e4be774df7440390622,APPROVED,Not Applicable,2024-04-23T17:02:04.685000Z,2024-04-23T17:12:54.819000Z,2024-04-23T17:31:40.827000Z,2024-04-23T17:19:20.107067Z,651.0,C107BK71,1033,38,Male,White,United States,United States,United States,English,DATA_EXPIRED,DATA_EXPIRED
6627e9972c106338eaee4b7d,612d3e13048ec2b299126be6,APPROVED,Not Applicable,2024-04-23T17:02:19.307000Z,2024-04-23T17:11:00.202000Z,2024-04-23T17:29:54.489000Z,2024-04-23T17:17:34.080351Z,521.0,C107BK71,777,35,Male,White,United Kingdom,United Kingdom,United Kingdom,English,No,Full-Time
6627e99d3fa3beb7c6edd6ae,6414bb5268067523aa656cf6,APPROVED,Not Applicable,2024-04-23T17:02:26.801000Z,2024-04-23T17:19:31.912000Z,2024-04-23T17:32:00.369000Z,2024-04-23T17:25:27.523718Z,1026.0,C107BK71,548,26,Male,White,United Kingdom,United Kingdom,United Kingdom,English,No,Full-Time
6627e9a0a7f0360bb8df5b14,63d7c4b261d53fcf4f1dcd64,APPROVED,Not Applicable,2024-04-23T17:02:30.071000Z,2024-04-23T17:26:01.014000Z,2024-04-23T17:39:45.219000Z,2024-04-23T17:32:41.908323Z,1411.0,C107BK71,858,41,Male,White,United Kingdom,United Kingdom,United Kingdom,English,No,Full-Time
6627e9a70cec869c167a41f6,65bc5fb8b2f3697933504296,APPROVED,Not Applicable,2024-04-23T17:02:38.402000Z,2024-04-23T17:11:41.330000Z,2024-04-23T17:30:31.265000Z,2024-04-23T17:18:21.390759Z,543.0,C107BK71,215,26,Male,Mixed,United States,United States,United States,Spanish,No,Full-Time
6627e9adad05aafe15b40c88,5ac7ae4ca3ba7a0001b4c1b3,APPROVED,Not Applicable,2024-04-23T17:02:42.071000Z,2024-04-23T17:16:14.172000Z,2024-04-23T17:28:46.118000Z,2024-04-23T17:22:34.934550Z,813.0,C107BK71,605,38,Male,White,United States,United States,United Kingdom,English,No,Full-Time
6627e9b26a25f7cb22044591,659ebf20bc501a44ebf0acc7,APPROVED,Not Applicable,2024-04-23T17:02:49.115000Z,2024-04-23T17:16:58.717000Z,2024-04-23T17:29:22.374000Z,2024-04-23T17:23:11.887206Z,850.0,C107BK71,158,23,Male,White,United States,United States,United States,English,Yes,Other
6627e9c93be0542b201a9580,5601ab2ea66d100012d5c38a,APPROVED,Not Applicable,2024-04-23T17:03:09.804000Z,2024-04-23T17:12:25.435000Z,2024-04-23T17:31:10.437000Z,2024-04-23T17:18:54.046577Z,556.0,C107BK71,2179,41,Male,White,United Kingdom,United Kingdom,United Kingdom,English,No,Full-Time
6627e9caf617328fc41a4c03,5ca0de7d8001d50018c69031,APPROVED,Not Applicable,2024-04-23T17:03:12.573000Z,2024-04-23T17:19:24.587000Z,2024-04-23T17:31:43.040000Z,2024-04-23T17:25:20.221040Z,973.0,C107BK71,1472,32,Male,White,United Kingdom,United Kingdom,United Kingdom,English,DATA_EXPIRED,DATA_EXPIRED
6627e9cee1145a02dbe5a34f,5ea179b1b5b2e50258b36349,APPROVED,Not Applicable,2024-04-23T17:03:18.412000Z,2024-04-23T17:17:20.885000Z,2024-04-23T17:36:24.210000Z,2024-04-23T17:23:15.144285Z,843.0,C107BK71,1981,60,Male,White,United Kingdom,United Kingdom,United Kingdom,English,DATA_EXPIRED,Full-Time
6627e9d2d61b9a002612410d,5f0333df099f494ed223e66a,APPROVED,Not Applicable,2024-04-23T17:03:20.319000Z,2024-04-23T17:17:41.993000Z,2024-04-23T17:29:53.207000Z,2024-04-23T17:23:35.377664Z,862.0,C107BK71,469,45,Male,White,United Kingdom,United Kingdom,United Kingdom,English,DATA_EXPIRED,DATA_EXPIRED
6627e9d384f5943921cb2b8a,546f8a9cfdf99b4a593414ea,APPROVED,Not Applicable,2024-04-23T17:03:22.276000Z,2024-04-23T17:12:59.032000Z,2024-04-23T17:39:07.321000Z,2024-04-23T17:19:26.383928Z,577.0,C107BK71,4976,54,Male,White,United States,United States,United States,English,DATA_EXPIRED,DATA_EXPIRED
6627e9d5bde0fdbf5194e65f,56a8930d7f2472000c93764e,APPROVED,Not Applicable,2024-04-23T17:03:23.689000Z,2024-04-23T17:20:01.272000Z,2024-04-23T17:32:37.143000Z,2024-04-23T17:26:05.115288Z,998.0,C107BK71,2548,50,Male,White,United Kingdom,United Kingdom,United Kingdom,English,No,"Not in paid work (e.g. homemaker', 'retired or disabled)"
6627e9d931af1595b63a8f18,5d63f1c316b801001a4c4423,APPROVED,Not Applicable,2024-04-23T17:03:43.179000Z,2024-04-23T17:15:17.157000Z,2024-04-23T17:34:12.616000Z,2024-04-23T17:21:27.601637Z,694.0,C107BK71,223,29,Male,White,United Kingdom,United Kingdom,United Kingdom,English,DATA_EXPIRED,DATA_EXPIRED
6627e9dafa8c87701d04468d,6099b394596d1924f18be518,APPROVED,Not Applicable,2024-04-23T17:03:27.509000Z,2024-04-23T17:14:48.338000Z,2024-04-23T17:27:00.749000Z,2024-04-23T17:21:01.459652Z,681.0,C107BK71,274,30,Male,Mixed,United States,United States,United States,English,No,Full-Time
6627e9deee909ce38b17da3b,657db05d38428b854dc10034,APPROVED,Not Applicable,2024-04-23T17:03:29.637000Z,2024-04-23T17:13:33.382000Z,2024-04-23T17:25:53.695000Z,2024-04-23T17:19:56.454384Z,604.0,C107BK71,308,21,Male,Mixed,United Kingdom,United Kingdom,United Kingdom,English,Yes,Part-Time
6627e9df0af4e92b50c32aef,66243f204cef464daff99f8d,APPROVED,Not Applicable,2024-04-23T17:03:32.495000Z,2024-04-23T17:31:51.218000Z,2024-04-23T17:45:02.392000Z,2024-04-23T17:39:04.354065Z,1699.0,C107BK71,6,26,Male,White,United States,United States,United States,English,Yes,Other
6627e9e2580135fa6cfe5cc3,5ab9a626a3ba7a0001b424b3,APPROVED,Not Applicable,2024-04-23T17:03:34.182000Z,2024-04-23T17:27:41.310000Z,2024-04-23T17:41:25.767000Z,2024-04-23T17:34:24.594149Z,1448.0,C107BK71,78,40,Male,White,United States,United States,United States,English,No,DATA_EXPIRED
6627e9f536260398c065b6e8,573a34f614f69e000d7d670f,APPROVED,Not Applicable,2024-04-23T17:03:49.228000Z,2024-04-23T17:21:52.172000Z,2024-04-23T17:34:41.511000Z,2024-04-23T17:27:59.698293Z,1083.0,C107BK71,2451,43,Male,White,United Kingdom,United Kingdom,United Kingdom,English,DATA_EXPIRED,DATA_EXPIRED
6627e9f9babd10ce3c7107e6,63030263af6dd6dd82095af0,APPROVED,Not Applicable,2024-04-23T17:03:57.619000Z,2024-04-23T17:12:08.454000Z,2024-04-23T17:30:52.152000Z,2024-04-23T17:18:39.332372Z,491.0,C107BK71,726,29,Male,Asian,United States,United States,United States,English,DATA_EXPIRED,Full-Time
6627ea0319cc6e7dd1c62999,5de7fbfcb040d87646782d2a,APPROVED,Not Applicable,2024-04-23T17:04:18.671000Z,2024-04-23T17:13:26.137000Z,2024-04-23T17:25:46.710000Z,2024-04-23T17:19:52.193288Z,548.0,C107BK71,242,39,Male,White,United Kingdom,United Kingdom,United Kingdom,English,No,DATA_EXPIRED
6627ea06d781d19d609f201d,5ea839f7ae8c352334d1f052,APPROVED,Not Applicable,2024-04-23T17:04:17.278000Z,2024-04-23T17:42:35.057000Z,2024-04-23T17:52:22.850000Z,2024-04-23T17:47:33.255015Z,2298.0,C107BK71,2132,33,Male,White,United States,United States,United States,English,No,Full-Time
6627ea0823ea0496fa8faafc,584ab3c31f819a00018695e3,APPROVED,Not Applicable,2024-04-23T17:04:14.067000Z,2024-04-23T17:18:19.963000Z,2024-04-23T17:37:33.236000Z,2024-04-23T17:24:12.360258Z,846.0,C107BK71,1433,51,Male,White,United Kingdom,United Kingdom,United Kingdom,English,No,Full-Time
6627ea0e57a0edf2a1710700,62b5ef2ecccb0a1fdac33218,APPROVED,Not Applicable,2024-04-23T17:04:20.572000Z,2024-04-23T17:36:54.122000Z,2024-04-23T17:48:44.740000Z,2024-04-23T17:43:53.904263Z,1954.0,C107BK71,497,34,Male,White,United Kingdom,United Kingdom,United Kingdom,English,No,"Not in paid work (e.g. homemaker', 'retired or disabled)"
6627ea1f19916a39731c3174,5d16fb317964cd0001c1ca1a,APPROVED,Not Applicable,2024-04-23T17:04:37.003000Z,2024-04-23T17:20:23.902000Z,2024-04-23T17:33:16.482000Z,2024-04-23T17:26:22.404792Z,947.0,C107BK71,68,32,Male,Asian,United States,United States,United States,English,No,DATA_EXPIRED
6627ea21dbfabeedbbc5c8a2,5e10d288a2c6967a2c655aad,APPROVED,Not Applicable,2024-04-23T17:04:46.162000Z,2024-04-23T17:15:31.201000Z,2024-04-23T17:34:43.468000Z,2024-04-23T17:21:41.840908Z,646.0,C107BK71,5077,33,Male,White,United States,United States,United States,English,No,Full-Time
6627ea26fa8c87701d0446a0,5e7de19084be86013c19c6c9,APPROVED,Not Applicable,2024-04-23T17:04:59.081000Z,2024-04-23T17:15:18.851000Z,2024-04-23T17:27:49.005000Z,2024-04-23T17:21:29.549198Z,620.0,C107BK71,1817,53,Male,White,United Kingdom,United Kingdom,United Kingdom,English,DATA_EXPIRED,Full-Time
6627ea29a7ba048c49df5a44,5c4068a67f81e900012b281e,APPROVED,Not Applicable,2024-04-23T17:04:43.521000Z,2024-04-23T17:11:19.932000Z,2024-04-24T09:58:46.170000Z,2024-04-23T17:18:02.014955Z,397.0,C107BK71,357,29,Male,White,United Kingdom,United Kingdom,United Kingdom,English,DATA_EXPIRED,DATA_EXPIRED
6627ea3822d252867af720e1,59ee263d0fb3a90001bd9e27,APPROVED,Not Applicable,2024-04-23T17:05:03.340000Z,2024-04-23T17:19:31.598000Z,2024-04-23T17:32:11.754000Z,2024-04-23T17:25:25.893860Z,869.0,C107BK71,819,53,Male,White,United Kingdom,United Kingdom,United Kingdom,English,No,Full-Time
6627ea4978a68f8863d1e1c4,5eaa8fa180e800012e13e9b8,APPROVED,Not Applicable,2024-04-23T17:05:21.862000Z,2024-04-23T17:16:48.349000Z,2024-04-23T17:28:58.258000Z,2024-04-23T17:22:47.874984Z,687.0,C107BK71,503,72,Male,White,United Kingdom,United Kingdom,United Kingdom,English,DATA_EXPIRED,DATA_EXPIRED
6627ea4ea7021a0383e43dca,65b551456d8ef49b4d5fcd8b,APPROVED,Not Applicable,2024-04-23T17:05:23.708000Z,2024-04-23T17:14:55.338000Z,2024-04-23T17:27:15.320000Z,2024-04-23T17:21:07.950180Z,572.0,C107BK71,151,25,Male,Mixed,United Kingdom,United Kingdom,United Kingdom,English,No,Full-Time
6627ea57486bdc94666d952a,5eefae66afa4e549ac714f73,APPROVED,Not Applicable,2024-04-23T17:05:27.018000Z,2024-04-23T17:18:25.278000Z,2024-04-23T17:37:58.541000Z,2024-04-23T17:24:18.142802Z,779.0,C107BK71,990,28,Male,White,United Kingdom,United Kingdom,United Kingdom,English,Yes,DATA_EXPIRED
6627ea5878ce7513a5a36ddc,65b2ecf258c28d5efd3546f9,APPROVED,Not Applicable,2024-04-23T17:05:33.723000Z,2024-04-23T17:21:49.102000Z,2024-04-23T17:34:51.114000Z,2024-04-23T17:28:07.003504Z,976.0,C107BK71,180,34,Male,Asian,United States,United States,Philippines,English,No,Unemployed (and job seeking)
6627ea5c985c165ec76fcd4d,5b76b153fca8d90001393cc2,APPROVED,Not Applicable,2024-04-23T17:07:45.543000Z,2024-04-23T17:25:04.055000Z,2024-04-23T17:38:36.004000Z,2024-04-23T17:31:29.004779Z,1039.0,C107BK71,213,25,Male,White,United Kingdom,United Kingdom,United Kingdom,English,No,Unemployed (and job seeking)
6627ea5e393852bc14a2663d,5e5843f3677ae4053b1a0169,APPROVED,Not Applicable,2024-04-23T17:05:37.212000Z,2024-04-23T17:18:40.111000Z,2024-04-23T17:30:53.945000Z,2024-04-23T17:24:32.799475Z,783.0,C107BK71,1262,38,Male,White,United Kingdom,United Kingdom,United Kingdom,English,No,"Not in paid work (e.g. homemaker', 'retired or disabled)"
6627ea6289b3f437b98fab38,5e7b779563c6dc05953e3669,APPROVED,Not Applicable,2024-04-23T17:05:44.096000Z,2024-04-23T17:34:01.604000Z,2024-04-23T17:46:28.622000Z,2024-04-23T17:41:29.346510Z,1698.0,C107BK71,1736,39,Male,White,United Kingdom,United Kingdom,United Kingdom,English,No,Full-Time
6627ea63e1145a02dbe5a36c,5c82a5b5c2ceec0017199b48,APPROVED,Not Applicable,2024-04-23T17:05:41.669000Z,2024-04-23T17:24:51.666000Z,2024-04-23T17:38:23.392000Z,2024-04-23T17:31:16.596861Z,1150.0,C107BK71,846,40,Male,White,United Kingdom,United Kingdom,United Kingdom,English,DATA_EXPIRED,DATA_EXPIRED
6627ea66c279eb0a442521bc,6138e9d4aa1428328bee7cf3,APPROVED,Not Applicable,2024-04-23T17:05:47.352000Z,2024-04-23T17:24:27.158000Z,2024-04-23T17:38:16.213000Z,2024-04-23T17:31:08.098540Z,1120.0,C107BK71,1161,71,Male,White,United Kingdom,United Kingdom,United Kingdom,English,No,"Not in paid work (e.g. homemaker', 'retired or disabled)"
6627ea6af929af0ed1f5f682,55b765befdf99b0416ce5382,APPROVED,Not Applicable,2024-04-23T17:05:49.661000Z,2024-04-23T17:16:34.031000Z,2024-04-23T17:35:32.638000Z,2024-04-23T17:22:34.931821Z,645.0,C107BK71,827,29,Male,White,United Kingdom,United Kingdom,United Kingdom,English,No,Full-Time
6627ead4580135fa6cfe5cfa,572f897aad13160009008979,APPROVED,Not Applicable,2024-04-23T17:07:38.543000Z,2024-04-23T17:34:23.492000Z,2024-04-23T17:46:48.739000Z,2024-04-23T17:41:35.318708Z,1605.0,C107BK71,2094,54,Male,White,United Kingdom,United Kingdom,United Kingdom,English,DATA_EXPIRED,DATA_EXPIRED
6627ebefcc1924d2dbef5929,5f01ce19f3984631df5348e4,APPROVED,Not Applicable,2024-04-23T17:12:20.131000Z,2024-04-23T17:20:37.942000Z,2024-04-23T17:33:12.190000Z,2024-04-23T17:26:36.580057Z,498.0,C107BK71,1880,61,Male,White,United Kingdom,United Kingdom,United Kingdom,English,No,Full-Time
6627ec0b2566384d61a0e76d,612e309706778a2e8d27df01,APPROVED,Not Applicable,2024-04-23T17:12:54.720000Z,2024-04-23T17:20:37.888000Z,2024-04-23T17:33:44.010000Z,2024-04-23T17:26:46.251498Z,464.0,C107BK71,1679,36,Female,White,United Kingdom,United Kingdom,United Kingdom,English,No,Full-Time
6627ec2139dc9bdde691f73a,6084591a9ee6c37c14e460b8,APPROVED,Not Applicable,2024-04-23T17:13:15.590000Z,2024-04-23T17:27:27.338000Z,2024-04-23T17:41:11.872000Z,2024-04-23T17:34:08.543696Z,852.0,C107BK71,98,41,Male,White,United Kingdom,United Kingdom,United Kingdom,English,No,Full-Time
6627edfc2a522cd691c3b9c2,5e4957fed84b593cc0b775b5,APPROVED,Not Applicable,2024-04-23T17:21:04.533000Z,2024-04-23T17:31:25.357000Z,2024-04-23T17:44:57.096000Z,2024-04-23T17:38:45.113057Z,621.0,C107BK71,598,36,Female,White,United Kingdom,United Kingdom,United Kingdom,English,No,Full-Time
6627ef75457a8dce25a3b47f,660ea63f6efa52f887394f89,APPROVED,Not Applicable,2024-04-23T17:27:25.930000Z,2024-04-23T17:39:39.031000Z,2024-04-23T17:50:13.963000Z,2024-04-23T17:45:30.535948Z,734.0,C107BK71,56,20,Female,White,United Kingdom,United Kingdom,United Kingdom,English,No,Full-Time
6627ef823bae8be386880f61,6622e1ee10e2827295fb3b4f,APPROVED,Not Applicable,2024-04-23T17:27:55.478000Z,2024-04-23T17:44:25.867000Z,2024-04-23T17:58:56.085000Z,2024-04-23T17:49:08.602387Z,991.0,C107BK71,8,27,Female,Black,United States,United States,United States,English,Yes,DATA_EXPIRED
6627f15c2a522cd691c3ba54,62aa71a772b5744571eff041,APPROVED,Not Applicable,2024-04-23T17:35:29.692000Z,2024-04-23T17:45:45.430000Z,2024-04-23T17:55:24.014000Z,2024-04-23T17:50:30.748783Z,616.0,C107BK71,771,31,Male,White,United Kingdom,United Kingdom,United Kingdom,English,No,Full-Time
6627f2bbe8292471b2f337cc,610759f3f86432c555bbebfd,APPROVED,Not Applicable,2024-04-23T17:41:19.578000Z,2024-04-23T17:50:23.006000Z,2024-04-23T18:00:31.402000Z,2024-04-23T17:55:29.732615Z,544.0,C107BK71,222,23,Female,DATA_EXPIRED,United States,United States,United States,Spanish,Yes,DATA_EXPIRED
6627f2bc11000936148ed47d,646e53ef6c1dac9a13cd2985,APPROVED,Not Applicable,2024-04-23T17:41:16.541000Z,2024-04-23T18:07:12.344000Z,2024-04-23T18:20:03.621000Z,2024-04-23T18:13:25.483878Z,1556.0,C107BK71,718,48,Female,White,United Kingdom,United Kingdom,United Kingdom,English,DATA_EXPIRED,Full-Time
6627f315b8d4ec3221e6c808,6294ce94ea81c4554b141010,APPROVED,Not Applicable,2024-04-23T17:42:51.089000Z,2024-04-23T17:54:49.790000Z,2024-04-23T18:05:16.893000Z,2024-04-23T18:00:03.287662Z,719.0,C107BK71,1052,33,Male,White,United Kingdom,United Kingdom,United Kingdom,English,No,Full-Time
6627f32de9836642e3c9059e,60ff262e247d3041dc2c35af,APPROVED,Not Applicable,2024-04-23T17:43:16.644000Z,2024-04-23T17:52:08.393000Z,2024-04-23T18:02:25.455000Z,2024-04-23T17:57:23.153579Z,532.0,C107BK71,1581,43,Female,White,United Kingdom,United Kingdom,United Kingdom,English,No,Full-Time
6627f32edfbd38f9336ff067,5c8b065abd96ce0001947d1b,APPROVED,Not Applicable,2024-04-23T17:43:20.011000Z,2024-04-23T18:05:44.249000Z,2024-04-23T18:18:22.031000Z,2024-04-23T18:11:43.294555Z,1345.0,C107BK71,1805,41,Female,Mixed,United Kingdom,United Kingdom,United Kingdom,English,No,"Not in paid work (e.g. homemaker', 'retired or disabled)"
6627f3b2d0c8e60675e5a7b4,5c8a2d11f7ab04001042af3c,APPROVED,Not Applicable,2024-04-23T17:45:59.678000Z,2024-04-23T17:58:19.816000Z,2024-04-23T18:09:17.556000Z,2024-04-23T18:03:30.973812Z,741.0,C107BK71,2546,29,Male,White,United Kingdom,United Kingdom,United Kingdom,English,Yes,Full-Time
6627f4110cf083640333f296,563f734bcbd4c60005dc9442,APPROVED,Not Applicable,2024-04-23T17:47:01.520000Z,2024-04-23T17:54:11.648000Z,2024-04-24T09:58:46.693000Z,2024-04-23T17:59:06.778958Z,431.0,C107BK71,3888,51,Male,White,United Kingdom,United Kingdom,United Kingdom,English,No,Full-Time
6627f46e7b6a1f7ad8881330,609d1ddf6aa3ba55f1bf4267,APPROVED,Not Applicable,2024-04-23T17:48:35.061000Z,2024-04-23T17:58:00.462000Z,2024-04-23T18:08:58.835000Z,2024-04-23T18:03:07.033141Z,566.0,C107BK71,1957,46,Male,White,United Kingdom,United Kingdom,United Kingdom,English,No,Full-Time
6627f523a41ae5694bd346ae,637e1c1af194c6e63e8ff286,APPROVED,Not Applicable,2024-04-23T17:51:37.716000Z,2024-04-23T18:14:44.049000Z,2024-04-23T18:24:51.876000Z,2024-04-23T18:20:37.865944Z,1387.0,C107BK71,1204,28,Male,White,United Kingdom,United Kingdom,United Kingdom,English,No,Full-Time
6627f868b4fa7070be63b124,63beebaa4c5884797ff00a98,APPROVED,Not Applicable,2024-04-23T18:05:35.365000Z,2024-04-23T18:15:35.489000Z,2024-04-23T18:25:35.781000Z,2024-04-23T18:21:20.682108Z,601.0,C107BK71,918,72,Female,White,United Kingdom,United Kingdom,United Kingdom,English,No,"Not in paid work (e.g. homemaker', 'retired or disabled)"
6627f8b1f456a4814af41b7e,5c92f797803bff0017fef8dd,APPROVED,Not Applicable,2024-04-23T18:08:21.918000Z,2024-04-23T18:18:14.429000Z,2024-04-23T18:27:49.218000Z,2024-04-23T18:23:27.167913Z,593.0,C107BK71,1645,29,Male,White,United Kingdom,United Kingdom,United Kingdom,English,DATA_EXPIRED,DATA_EXPIRED
6627fa0bb8d4ec3221e6c998,6266bb8a00f77695fea1ecb0,APPROVED,Not Applicable,2024-04-23T18:12:32.452000Z,2024-04-23T18:27:08.148000Z,2024-04-24T09:26:32.204000Z,2024-04-23T18:32:05.223111Z,876.0,NOCODE,1255,51,Male,White,United Kingdom,United Kingdom,United Kingdom,English,No,"Not in paid work (e.g. homemaker', 'retired or disabled)"
6627fc1a1b27c596231ddb81,5996b604b5566b0001aa81fa,APPROVED,Not Applicable,2024-04-23T18:21:23.174000Z,2024-04-23T18:38:07.442000Z,2024-04-23T18:50:44.017000Z,2024-04-23T18:45:01.617481Z,1005.0,C107BK71,927,59,Female,White,United Kingdom,United Kingdom,United Kingdom,English,No,Part-Time
6627fd8ce4c9615355e35fdb,5e87a820c35eb042f00d4e3d,APPROVED,Not Applicable,2024-04-23T18:27:28.252000Z,2024-04-23T18:37:18.484000Z,2024-04-23T18:49:32.089000Z,2024-04-23T18:44:04.163247Z,591.0,C107BK71,898,26,Female,White,United Kingdom,United Kingdom,United Kingdom,English,No,Full-Time
66295eaad50c4139f62edabc,656e02962907eb6f11faa71f,APPROVED,Not Applicable,2024-04-24T19:34:07.408000Z,2024-04-24T19:51:15.806000Z,2024-04-24T19:52:04.219000Z,2024-04-24T19:52:04.643171Z,1029.0,C107BK71,214,45,Female,White,United Kingdom,United Kingdom,United Kingdom,English,Yes,Part-Time
66295ec93080e801e41129fc,62d5b70e1bc5804abad3d257,APPROVED,Not Applicable,2024-04-24T19:34:37.809000Z,2024-04-24T19:56:34.824000Z,2024-04-24T20:01:30.891000Z,2024-04-24T20:01:31.404384Z,1318.0,C107BK71,60,31,Male,White,United States,United States,United States,English,No,DATA_EXPIRED
66295f1400f205c435865f40,5b8551bf8f9edf00013fce84,APPROVED,Not Applicable,2024-04-24T19:35:55.457000Z,2024-04-24T19:45:48.680000Z,2024-04-24T19:50:08.877000Z,2024-04-24T19:50:10.504458Z,594.0,C107BK71,1064,34,Male,White,United Kingdom,United Kingdom,United Kingdom,English,No,Full-Time
66295f2174ad1095d2d8bc10,5cf97d7e50880e0019af630b,APPROVED,Not Applicable,2024-04-24T19:36:15.370000Z,2024-04-24T19:55:53.757000Z,2024-04-24T20:01:07.157000Z,2024-04-24T20:01:10.751092Z,1179.0,C107BK71,477,57,Female,White,United Kingdom,United Kingdom,United Kingdom,English,DATA_EXPIRED,DATA_EXPIRED
66295f38c26110de6e917c4a,6034d08d677e3e5253a3610b,APPROVED,Not Applicable,2024-04-24T19:37:01.215000Z,2024-04-24T19:55:56.023000Z,2024-04-24T22:06:05.268000Z,2024-04-24T21:05:22.341849Z,1135.0,C107BK71,204,33,Female,White,United Kingdom,United Kingdom,United Kingdom,English,DATA_EXPIRED,DATA_EXPIRED
66295f54a8b6b326954e48ed,5eaf790df0b5cc682f9a19ce,APPROVED,Not Applicable,2024-04-24T19:36:58.597000Z,2024-04-24T19:51:10.957000Z,2024-04-24T19:52:01.101000Z,2024-04-24T19:52:02.072676Z,853.0,C107BK71,881,33,Female,White,United States,United States,United States,English,No,Unemployed (and job seeking)
66295f7f7bae067a1db2beab,60cb50c2bdc488cd99eeb3f0,APPROVED,Not Applicable,2024-04-24T19:37:40.425000Z,2024-04-24T19:48:42.218000Z,2024-04-24T19:50:58.575000Z,2024-04-24T19:50:59.564044Z,662.0,C107BK71,446,44,Female,White,United Kingdom,United Kingdom,United Kingdom,English,No,Part-Time
66295f83c26110de6e917c61,61485cabce59eed1cc3dfcc1,APPROVED,Not Applicable,2024-04-24T19:37:47.488000Z,2024-04-24T20:00:13.115000Z,2024-04-24T20:19:50.677000Z,2024-04-24T20:19:47.211220Z,1346.0,C107BK71,81,43,Male,White,United Kingdom,United Kingdom,United Kingdom,English,Yes,Unemployed (and job seeking)
66295fcd3b733f7165b6042d,5debd384b48fa72bff8b0efc,APPROVED,Not Applicable,2024-04-24T19:38:59.350000Z,2024-04-24T20:05:01.229000Z,2024-04-24T20:22:33.781000Z,2024-04-24T20:23:17.471359Z,1562.0,C107BK71,374,26,Male,Asian,United Kingdom,United Kingdom,United Kingdom,English,Yes,Full-Time
6629601af5fe7c28a64e48c9,58c508c1b101a700012938fa,APPROVED,Not Applicable,2024-04-24T19:40:16.019000Z,2024-04-24T19:50:19.939000Z,2024-04-24T19:51:32.953000Z,2024-04-24T19:51:33.726450Z,604.0,C107BK71,652,43,Male,White,United Kingdom,United Kingdom,United Kingdom,English,No,Full-Time
662960286d176da9ea17bd39,5c57b82eb7cf140001d3b287,RETURNED,Not Applicable,2024-04-24T19:49:45.425000Z,2024-04-24T20:06:55.740000Z,,2024-04-24T20:23:40.052647Z,,C1BH0PQA,472,CONSENT_REVOKED,CONSENT_REVOKED,CONSENT_REVOKED,CONSENT_REVOKED,CONSENT_REVOKED,CONSENT_REVOKED,CONSENT_REVOKED,CONSENT_REVOKED,CONSENT_REVOKED
6629602ca719c71fd1ed6786,5fceb71a9dbaef1755fe42f6,APPROVED,Not Applicable,2024-04-24T19:40:32.742000Z,2024-04-24T19:58:19.174000Z,2024-04-24T20:07:31.069000Z,2024-04-24T20:07:31.439251Z,1067.0,C107BK71,235,25,Male,Asian,United Kingdom,United Kingdom,United Kingdom,Kurdish,DATA_EXPIRED,DATA_EXPIRED
662960d55ee51318231072d3,65cdc342500351e8c8f82982,APPROVED,Not Applicable,2024-04-24T19:43:30.144000Z,2024-04-24T19:56:48.339000Z,2024-04-24T20:01:56.905000Z,2024-04-24T20:01:57.474324Z,799.0,C107BK71,64,46,Male,Other,United States,United States,United States,English,No,Part-Time
66296122b6a837baf58134df,5bf003ccaf38d100016bb945,APPROVED,Not Applicable,2024-04-24T19:44:56.246000Z,2024-04-24T20:02:40.031000Z,2024-04-24T20:21:20.958000Z,2024-04-24T20:20:43.871292Z,1064.0,C107BK71,1082,41,Male,White,United Kingdom,United Kingdom,United Kingdom,English,No,"Not in paid work (e.g. homemaker', 'retired or disabled)"
66296134f4133ab1f5b946e9,5e833d4ab80abf02a1761589,APPROVED,Not Applicable,2024-04-24T19:44:58.673000Z,2024-04-24T19:52:59.425000Z,2024-04-24T19:58:48.669000Z,2024-04-24T20:00:47.158357Z,481.0,C107BK71,220,22,Male,White,United Kingdom,United Kingdom,United Kingdom,English,No,Unemployed (and job seeking)
66296178e66058612bcabd6e,5c62980ca135520001959a9a,APPROVED,Not Applicable,2024-04-24T19:46:03.784000Z,2024-04-24T20:01:18.288000Z,2024-04-24T20:20:15.133000Z,2024-04-24T20:20:06.875659Z,915.0,C107BK71,1695,58,Male,White,United Kingdom,United Kingdom,United Kingdom,English,No,Full-Time
6629618a1d34b07c9d2cbada,615ee0fda41fd9819b36a345,APPROVED,Not Applicable,2024-04-24T19:46:25.444000Z,2024-04-24T19:58:24.326000Z,2024-04-24T20:07:33.124000Z,2024-04-24T20:07:33.310694Z,719.0,C107BK71,256,31,Male,White,United Kingdom,United Kingdom,United Kingdom,English,No,Full-Time
6629619bccf675d81cc0aa7e,60d44d1d1afc83a4368fddd7,APPROVED,Not Applicable,2024-04-24T19:46:42.733000Z,2024-04-24T20:12:47.174000Z,2024-04-24T20:52:57.050000Z,2024-04-24T20:52:54.452908Z,1565.0,C107BK71,709,48,Male,White,United Kingdom,United Kingdom,United Kingdom,English,No,Full-Time
662961a9cdda8e8653b946d1,5ca9f8926025570001c872f3,APPROVED,Not Applicable,2024-04-24T19:47:59.096000Z,2024-04-24T20:03:36.547000Z,2024-04-24T20:22:23.146000Z,2024-04-24T20:22:05.360304Z,938.0,C107BK71,2576,56,Male,White,United Kingdom,United Kingdom,United Kingdom,English,DATA_EXPIRED,DATA_EXPIRED
662967a516ac3ed202e5e39f,596e6e5cd7919800014b49b8,APPROVED,Not Applicable,2024-04-24T20:12:28.107000Z,2024-04-24T20:30:08.465000Z,2024-04-24T20:57:27.069000Z,2024-04-24T20:57:28.896338Z,1061.0,C107BK71,2258,49,Male,White,United Kingdom,United Kingdom,United Kingdom,English,DATA_EXPIRED,DATA_EXPIRED
662970657720b104831884f9,644289697a8b924fa0b34c10,APPROVED,Not Applicable,2024-04-24T20:49:45.580000Z,2024-04-24T21:01:49.747000Z,2024-04-24T21:01:51.187000Z,2024-04-24T21:04:52.160548Z,725.0,C107BK71,435,30,Female,White,United Kingdom,United Kingdom,United Kingdom,English,No,Full-Time
6633955a1a74a04cdab637a3,6509ced499369f98b2c27874,APPROVED,Not Applicable,2024-05-02T13:30:07.753000Z,2024-05-02T13:45:46.415000Z,2024-05-02T13:45:49.252000Z,2024-05-02T13:45:48.191424Z,939.0,C107BK71,438,26,Male,Asian,United Kingdom,United Kingdom,United Kingdom,Urdu,No,Full-Time
6633955b8d5de50c00cb0126,6294cfd955c45345ed61aea1,APPROVED,Not Applicable,2024-05-02T13:30:12.019000Z,2024-05-02T13:39:22.082000Z,2024-05-02T13:41:02.302000Z,2024-05-02T13:39:26.927232Z,551.0,C107BK71,2859,34,Male,White,United States,United States,United States,English,No,DATA_EXPIRED
6634e5533b4a90f123a0dade,63d1536e4be5ade8fc556995,APPROVED,Not Applicable,2024-05-03T13:23:44.171000Z,2024-05-03T13:34:36.481000Z,2024-05-03T13:34:38.284000Z,2024-05-03T13:34:37.603222Z,653.0,C107BK71,292,45,Male,White,United Kingdom,United Kingdom,United Kingdom,English,No,Full-Time
6626a280d32b73e51988728e,6143217abd754c7495d8d3f7,RETURNED,Not Applicable,2024-04-22T17:46:46.132000Z,2024-04-22T17:53:09.734000Z,,2024-04-22T18:09:33.543000Z,,C1BH0PQA,1235,CONSENT_REVOKED,CONSENT_REVOKED,CONSENT_REVOKED,CONSENT_REVOKED,CONSENT_REVOKED,CONSENT_REVOKED,CONSENT_REVOKED,CONSENT_REVOKED,CONSENT_REVOKED
6626a2c2e0e7cf75959c973e,660d5a650fc1b26a0f0a1975,REJECTED,Not Applicable,2024-04-22T17:47:57.381000Z,2024-04-22T17:53:46.250000Z,2024-04-23T07:44:56.260000Z,2024-04-22T18:09:57.684000Z,349.0,C1BH0PQA,10,CONSENT_REVOKED,CONSENT_REVOKED,CONSENT_REVOKED,CONSENT_REVOKED,CONSENT_REVOKED,CONSENT_REVOKED,CONSENT_REVOKED,CONSENT_REVOKED,CONSENT_REVOKED
6626a2fa652dbcff631baad3,5f0a414ff08fe631710e3ce8,REJECTED,Not Applicable,2024-04-22T17:48:47.320000Z,2024-04-22T18:28:44.848000Z,2024-04-23T07:44:41.566000Z,2024-04-22T18:50:00.944000Z,2398.0,C1BH0PQA,2155,CONSENT_REVOKED,CONSENT_REVOKED,CONSENT_REVOKED,CONSENT_REVOKED,CONSENT_REVOKED,CONSENT_REVOKED,CONSENT_REVOKED,CONSENT_REVOKED,CONSENT_REVOKED
6626a36b7153ebaa899c9777,63d80b77167c4c6b33563dd0,REJECTED,Not Applicable,2024-04-22T17:50:39.859000Z,2024-04-22T17:59:05.502000Z,2024-04-23T10:20:45.617000Z,2024-04-22T18:14:52.910000Z,506.0,C1BH0PQA,493,CONSENT_REVOKED,CONSENT_REVOKED,CONSENT_REVOKED,CONSENT_REVOKED,CONSENT_REVOKED,CONSENT_REVOKED,CONSENT_REVOKED,CONSENT_REVOKED,CONSENT_REVOKED
6626a37091a9a06559aa2863,66087e04eae78a0880317b6a,REJECTED,Not Applicable,2024-04-22T17:50:45.456000Z,2024-04-22T17:59:06.730000Z,2024-04-23T10:20:49.284000Z,2024-04-22T18:14:51.170000Z,502.0,C1BH0PQA,80,CONSENT_REVOKED,CONSENT_REVOKED,CONSENT_REVOKED,CONSENT_REVOKED,CONSENT_REVOKED,CONSENT_REVOKED,CONSENT_REVOKED,CONSENT_REVOKED,CONSENT_REVOKED
6627e474ee89c3cd5ded77ab,5f864763a937c119197a6bed,RETURNED,Not Applicable,2024-04-23T16:40:26.064000Z,,,,,,378,CONSENT_REVOKED,CONSENT_REVOKED,CONSENT_REVOKED,CONSENT_REVOKED,CONSENT_REVOKED,CONSENT_REVOKED,CONSENT_REVOKED,CONSENT_REVOKED,CONSENT_REVOKED
6627e48cfac07614cef78e00,651d7cbc3fa416c840636082,RETURNED,Not Applicable,2024-04-23T16:40:53.474000Z,,,,,,166,CONSENT_REVOKED,CONSENT_REVOKED,CONSENT_REVOKED,CONSENT_REVOKED,CONSENT_REVOKED,CONSENT_REVOKED,CONSENT_REVOKED,CONSENT_REVOKED,CONSENT_REVOKED
6627e4921f856c24f13bea5d,65de5a83c2deca3952b2d27c,RETURNED,Not Applicable,2024-04-23T16:40:55.405000Z,2024-04-23T16:46:03.450000Z,,2024-04-23T16:55:59.591000Z,,C1BH0PQA,251,CONSENT_REVOKED,CONSENT_REVOKED,CONSENT_REVOKED,CONSENT_REVOKED,CONSENT_REVOKED,CONSENT_REVOKED,CONSENT_REVOKED,CONSENT_REVOKED,CONSENT_REVOKED
6627e49bddf5b30ad8a40728,64484a0615f2c302d8bc6ea8,RETURNED,Not Applicable,2024-04-23T16:40:59.519000Z,2024-04-23T16:47:23.531000Z,,2024-04-23T16:57:30.257000Z,,C1BH0PQA,289,CONSENT_REVOKED,CONSENT_REVOKED,CONSENT_REVOKED,CONSENT_REVOKED,CONSENT_REVOKED,CONSENT_REVOKED,CONSENT_REVOKED,CONSENT_REVOKED,CONSENT_REVOKED
6627e4a8b275a7060d2aca84,63468d42621f778c73dd3b60,RETURNED,Not Applicable,2024-04-23T16:41:19.254000Z,2024-04-23T17:03:58.590000Z,,2024-04-23T17:10:04.771000Z,,C1BH0PQA,243,CONSENT_REVOKED,CONSENT_REVOKED,CONSENT_REVOKED,CONSENT_REVOKED,CONSENT_REVOKED,CONSENT_REVOKED,CONSENT_REVOKED,CONSENT_REVOKED,CONSENT_REVOKED
6627e4e8066cf808afe6c480,5f52971c271a0703d733031c,TIMED-OUT,Not Applicable,2024-04-23T16:42:21.096000Z,,,,9650677.0,,927,37,Female,White,United Kingdom,United Kingdom,United Kingdom,English,No,Other
6627e50a4b79fd05ced158be,651af796798d2934d334ef90,TIMED-OUT,Not Applicable,2024-04-23T16:43:07.315000Z,,,,9650631.0,,15,54,Male,White,United Kingdom,United Kingdom,United Kingdom,English,No,DATA_EXPIRED
6627e56987bdad727c9a50d0,63d40e90072d08076c329c11,RETURNED,Not Applicable,2024-04-23T16:44:29.020000Z,2024-04-23T16:49:44.909000Z,,2024-04-23T17:00:10.795000Z,,C1BH0PQA,234,CONSENT_REVOKED,CONSENT_REVOKED,CONSENT_REVOKED,CONSENT_REVOKED,CONSENT_REVOKED,CONSENT_REVOKED,CONSENT_REVOKED,CONSENT_REVOKED,CONSENT_REVOKED
6627e582c7e0a3a32f024b5c,5b7ecdbae77c4e00011d72c0,REJECTED,Not Applicable,2024-04-23T16:44:59.872000Z,2024-04-23T16:53:01.706000Z,2024-04-24T19:32:21.613000Z,2024-04-23T17:04:00.399000Z,482.0,C1BH0PQA,48,CONSENT_REVOKED,CONSENT_REVOKED,CONSENT_REVOKED,CONSENT_REVOKED,CONSENT_REVOKED,CONSENT_REVOKED,CONSENT_REVOKED,CONSENT_REVOKED,CONSENT_REVOKED
6627e5c00519bb9991d5ba74,62c836b4ac581a6d7d8ce1ef,RETURNED,Not Applicable,2024-04-23T16:45:57.825000Z,2024-04-23T17:38:57.207000Z,,2024-04-23T17:45:19.330000Z,,C1BH0PQA,480,CONSENT_REVOKED,CONSENT_REVOKED,CONSENT_REVOKED,CONSENT_REVOKED,CONSENT_REVOKED,CONSENT_REVOKED,CONSENT_REVOKED,CONSENT_REVOKED,CONSENT_REVOKED
6627e6cd4d0338292cb86bf1,5c867a35b5bfcb00115af368,RETURNED,Not Applicable,2024-04-23T16:50:25.822000Z,2024-04-23T16:56:06.685000Z,,2024-04-23T17:05:59.179000Z,,C1BH0PQA,2448,CONSENT_REVOKED,CONSENT_REVOKED,CONSENT_REVOKED,CONSENT_REVOKED,CONSENT_REVOKED,CONSENT_REVOKED,CONSENT_REVOKED,CONSENT_REVOKED,CONSENT_REVOKED
6627e711fbe9faddeac84f33,62348098fd652eafce467ad0,RETURNED,Not Applicable,2024-04-23T17:02:00.046000Z,,,,,,1294,CONSENT_REVOKED,CONSENT_REVOKED,CONSENT_REVOKED,CONSENT_REVOKED,CONSENT_REVOKED,CONSENT_REVOKED,CONSENT_REVOKED,CONSENT_REVOKED,CONSENT_REVOKED
6627e712120a8a44aefd59d1,60af86df4ab96f2f83a003ba,TIMED-OUT,Not Applicable,2024-04-23T16:51:36.790000Z,,,,9650122.0,,141,22,Male,Asian,United Kingdom,United Kingdom,Bangladesh,Bengali,Yes,Unemployed (and job seeking)
6627e71654551e24b46c6a39,60e1503a3eb079f61df3f3ad,RETURNED,Not Applicable,2024-04-23T16:51:37.937000Z,2024-04-23T16:55:31.170000Z,,2024-04-23T17:05:35.919000Z,,C1BH0PQA,289,CONSENT_REVOKED,CONSENT_REVOKED,CONSENT_REVOKED,CONSENT_REVOKED,CONSENT_REVOKED,CONSENT_REVOKED,CONSENT_REVOKED,CONSENT_REVOKED,CONSENT_REVOKED
6627e72322d252867af72045,5d096a5687e03b000176305c,RETURNED,Not Applicable,2024-04-23T16:51:55.441000Z,,,,,,2143,CONSENT_REVOKED,CONSENT_REVOKED,CONSENT_REVOKED,CONSENT_REVOKED,CONSENT_REVOKED,CONSENT_REVOKED,CONSENT_REVOKED,CONSENT_REVOKED,CONSENT_REVOKED
6627e7256b8882c882c11b12,651d656c2dc54c9444ab689f,RETURNED,Not Applicable,2024-04-23T16:51:57.712000Z,,,,,,1791,CONSENT_REVOKED,CONSENT_REVOKED,CONSENT_REVOKED,CONSENT_REVOKED,CONSENT_REVOKED,CONSENT_REVOKED,CONSENT_REVOKED,CONSENT_REVOKED,CONSENT_REVOKED
6627e72ad781d19d609f1f98,5ec509f11a1793424f0b8ee4,RETURNED,Not Applicable,2024-04-23T16:52:08.907000Z,2024-04-23T17:02:30.758000Z,,2024-04-23T17:09:09.968000Z,,C1BH0PQA,1138,CONSENT_REVOKED,CONSENT_REVOKED,CONSENT_REVOKED,CONSENT_REVOKED,CONSENT_REVOKED,CONSENT_REVOKED,CONSENT_REVOKED,CONSENT_REVOKED,CONSENT_REVOKED
6627e72fed09ecc33a55853a,6622b783843f78cf5354e223,REJECTED,Not Applicable,2024-04-23T16:52:12.534000Z,2024-04-23T17:07:40.911000Z,2024-04-24T19:32:30.145000Z,2024-04-23T17:14:04.159000Z,929.0,C1BH0PQA,109,CONSENT_REVOKED,CONSENT_REVOKED,CONSENT_REVOKED,CONSENT_REVOKED,CONSENT_REVOKED,CONSENT_REVOKED,CONSENT_REVOKED,CONSENT_REVOKED,CONSENT_REVOKED
6627e746acb61b6e783ab46c,59af9c33c05bb50001eb3713,RETURNED,Not Applicable,2024-04-23T16:52:22.170000Z,2024-04-23T17:05:05.791000Z,,2024-04-23T17:10:56.126000Z,,C1BH0PQA,2600,CONSENT_REVOKED,CONSENT_REVOKED,CONSENT_REVOKED,CONSENT_REVOKED,CONSENT_REVOKED,CONSENT_REVOKED,CONSENT_REVOKED,CONSENT_REVOKED,CONSENT_REVOKED
6627e7488ac2a1d404159c3e,5d50692435e3af0001f05a15,RETURNED,Not Applicable,2024-04-23T16:52:32.405000Z,2024-04-23T17:01:59.582000Z,,2024-04-23T17:08:52.166000Z,,C1BH0PQA,1729,CONSENT_REVOKED,CONSENT_REVOKED,CONSENT_REVOKED,CONSENT_REVOKED,CONSENT_REVOKED,CONSENT_REVOKED,CONSENT_REVOKED,CONSENT_REVOKED,CONSENT_REVOKED
6627e75401561331bca3b28f,5e9ef29b273515000bd6c9cd,RETURNED,Not Applicable,2024-04-23T16:52:49.215000Z,2024-04-23T17:02:09.764000Z,,2024-04-23T17:08:56.133000Z,,C1BH0PQA,612,CONSENT_REVOKED,CONSENT_REVOKED,CONSENT_REVOKED,CONSENT_REVOKED,CONSENT_REVOKED,CONSENT_REVOKED,CONSENT_REVOKED,CONSENT_REVOKED,CONSENT_REVOKED
6627e7768883986cbcd914da,5f5a5d4618746310515e2828,REJECTED,Not Applicable,2024-04-23T16:53:10.032000Z,2024-04-23T17:04:51.082000Z,2024-04-24T19:32:34.553000Z,2024-04-23T17:10:39.898000Z,702.0,C1BH0PQA,407,CONSENT_REVOKED,CONSENT_REVOKED,CONSENT_REVOKED,CONSENT_REVOKED,CONSENT_REVOKED,CONSENT_REVOKED,CONSENT_REVOKED,CONSENT_REVOKED,CONSENT_REVOKED
6627e794d781d19d609f1fac,62b080ec78694a789b4c2df7,RETURNED,Not Applicable,2024-04-23T16:53:45.271000Z,,,,,,193,CONSENT_REVOKED,CONSENT_REVOKED,CONSENT_REVOKED,CONSENT_REVOKED,CONSENT_REVOKED,CONSENT_REVOKED,CONSENT_REVOKED,CONSENT_REVOKED,CONSENT_REVOKED
6627e79564b8c232fba2d496,6616b5d8b7a4233365988ec2,RETURNED,Not Applicable,2024-04-23T16:53:45.559000Z,2024-04-23T17:02:25.024000Z,,2024-04-23T17:09:05.767000Z,,C1BH0PQA,27,CONSENT_REVOKED,CONSENT_REVOKED,CONSENT_REVOKED,CONSENT_REVOKED,CONSENT_REVOKED,CONSENT_REVOKED,CONSENT_REVOKED,CONSENT_REVOKED,CONSENT_REVOKED
6627e79ecfe16cd3240d93cf,5ee10c33a3011311034f2cb1,RETURNED,Not Applicable,2024-04-23T16:54:04.977000Z,2024-04-23T17:00:55.975000Z,,2024-04-23T17:08:36.891000Z,,C1BH0PQA,1685,CONSENT_REVOKED,CONSENT_REVOKED,CONSENT_REVOKED,CONSENT_REVOKED,CONSENT_REVOKED,CONSENT_REVOKED,CONSENT_REVOKED,CONSENT_REVOKED,CONSENT_REVOKED
6627e7b2430e850a8dd1deef,5dd873382e6c7783ca41d4d0,RETURNED,Not Applicable,2024-04-23T16:54:16.991000Z,2024-04-23T17:04:18.624000Z,,2024-04-23T17:10:06.550000Z,,C1BH0PQA,77,CONSENT_REVOKED,CONSENT_REVOKED,CONSENT_REVOKED,CONSENT_REVOKED,CONSENT_REVOKED,CONSENT_REVOKED,CONSENT_REVOKED,CONSENT_REVOKED,CONSENT_REVOKED
6627e7df54551e24b46c6a63,5e91931d9cff534b97782075,REJECTED,Not Applicable,2024-04-23T16:54:59.872000Z,2024-04-23T17:03:21.820000Z,2024-04-24T19:32:37.704000Z,2024-04-23T17:09:36.250000Z,502.0,C1BH0PQA,116,CONSENT_REVOKED,CONSENT_REVOKED,CONSENT_REVOKED,CONSENT_REVOKED,CONSENT_REVOKED,CONSENT_REVOKED,CONSENT_REVOKED,CONSENT_REVOKED,CONSENT_REVOKED
6627e7e559affa078aa2012f,5dc96f42c4c14f68ce199e00,REJECTED,Not Applicable,2024-04-23T16:55:06.444000Z,2024-04-23T17:01:52.163000Z,2024-04-24T19:32:41.075000Z,2024-04-23T17:08:53.251000Z,406.0,C1BH0PQA,196,CONSENT_REVOKED,CONSENT_REVOKED,CONSENT_REVOKED,CONSENT_REVOKED,CONSENT_REVOKED,CONSENT_REVOKED,CONSENT_REVOKED,CONSENT_REVOKED,CONSENT_REVOKED
6627e7e5edd2b00614333f1a,661dec97108e7a5b77fb4045,RETURNED,Not Applicable,2024-04-23T16:55:09.807000Z,2024-04-23T17:01:46.514000Z,,2024-04-23T17:08:49.894000Z,,C1BH0PQA,33,CONSENT_REVOKED,CONSENT_REVOKED,CONSENT_REVOKED,CONSENT_REVOKED,CONSENT_REVOKED,CONSENT_REVOKED,CONSENT_REVOKED,CONSENT_REVOKED,CONSENT_REVOKED
6627e7edab87cec779496a61,5cbf5e98357907000167819a,RETURNED,Not Applicable,2024-04-23T16:55:21.562000Z,,,,,,926,CONSENT_REVOKED,CONSENT_REVOKED,CONSENT_REVOKED,CONSENT_REVOKED,CONSENT_REVOKED,CONSENT_REVOKED,CONSENT_REVOKED,CONSENT_REVOKED,CONSENT_REVOKED
6627e806b3e2aeefe6edd6bd,60f66b38400931540fac7952,RETURNED,Not Applicable,2024-04-23T16:55:38.411000Z,2024-04-23T16:58:02.807000Z,,2024-04-23T17:07:11.145000Z,,C1BH0PQA,1373,CONSENT_REVOKED,CONSENT_REVOKED,CONSENT_REVOKED,CONSENT_REVOKED,CONSENT_REVOKED,CONSENT_REVOKED,CONSENT_REVOKED,CONSENT_REVOKED,CONSENT_REVOKED
6627e809df9d649ae7a40426,592220f8fc043000016c5aeb,RETURNED,Not Applicable,2024-04-23T16:55:37.161000Z,,,,,,1618,CONSENT_REVOKED,CONSENT_REVOKED,CONSENT_REVOKED,CONSENT_REVOKED,CONSENT_REVOKED,CONSENT_REVOKED,CONSENT_REVOKED,CONSENT_REVOKED,CONSENT_REVOKED
6627e831d781d19d609f1fc8,5f396f84fae4974f511267f6,REJECTED,Not Applicable,2024-04-23T16:56:21.268000Z,2024-04-23T17:10:08.665000Z,2024-04-24T09:49:12.710000Z,2024-04-23T17:16:41.070000Z,828.0,NOCODE,131,CONSENT_REVOKED,CONSENT_REVOKED,CONSENT_REVOKED,CONSENT_REVOKED,CONSENT_REVOKED,CONSENT_REVOKED,CONSENT_REVOKED,CONSENT_REVOKED,CONSENT_REVOKED
6627e83d68a6723aa167cc83,5efcb50255a06b097b8d5d29,RETURNED,Not Applicable,2024-04-23T16:56:49.128000Z,,,,,,1585,CONSENT_REVOKED,CONSENT_REVOKED,CONSENT_REVOKED,CONSENT_REVOKED,CONSENT_REVOKED,CONSENT_REVOKED,CONSENT_REVOKED,CONSENT_REVOKED,CONSENT_REVOKED
6627e83f68a6723aa167cc86,6606c9c1fb9faa8521a2ac2b,REJECTED,Not Applicable,2024-04-23T16:58:04.236000Z,2024-04-23T17:05:03.284000Z,2024-04-24T09:37:30.970000Z,2024-04-23T17:10:53.934000Z,420.0,6606c9c1fb9faa8521a2ac2b,41,CONSENT_REVOKED,CONSENT_REVOKED,CONSENT_REVOKED,CONSENT_REVOKED,CONSENT_REVOKED,CONSENT_REVOKED,CONSENT_REVOKED,CONSENT_REVOKED,CONSENT_REVOKED
6627e8475a9cfaa7e382a244,5eab3b7d9c169a10654fef99,REJECTED,Not Applicable,2024-04-23T16:56:46.012000Z,2024-04-23T16:57:54.786000Z,2024-04-24T09:35:35.131000Z,2024-04-23T17:07:05.826000Z,69.0,NOCODE,32,CONSENT_REVOKED,CONSENT_REVOKED,CONSENT_REVOKED,CONSENT_REVOKED,CONSENT_REVOKED,CONSENT_REVOKED,CONSENT_REVOKED,CONSENT_REVOKED,CONSENT_REVOKED
6627e863363608a69aa2f5ca,6627dfd03d390ad38773e9e5,RETURNED,Not Applicable,2024-04-23T16:57:16.046000Z,2024-04-23T17:07:54.297000Z,,2024-04-23T17:14:19.316000Z,,C1BH0PQA,62,CONSENT_REVOKED,CONSENT_REVOKED,CONSENT_REVOKED,CONSENT_REVOKED,CONSENT_REVOKED,CONSENT_REVOKED,CONSENT_REVOKED,CONSENT_REVOKED,CONSENT_REVOKED
6627e89c8773bad5f91a95ed,657871ca40eb7abda10a7327,RETURNED,Not Applicable,2024-04-23T16:58:12.456000Z,2024-04-23T17:13:11.534000Z,,2024-04-23T17:19:43.775000Z,,C1BH0PQA,269,CONSENT_REVOKED,CONSENT_REVOKED,CONSENT_REVOKED,CONSENT_REVOKED,CONSENT_REVOKED,CONSENT_REVOKED,CONSENT_REVOKED,CONSENT_REVOKED,CONSENT_REVOKED
6627e89d393852bc14a265ea,654a447f7eccf4324a5556f6,RETURNED,Not Applicable,2024-04-23T17:08:32.486000Z,,,,,,110,CONSENT_REVOKED,CONSENT_REVOKED,CONSENT_REVOKED,CONSENT_REVOKED,CONSENT_REVOKED,CONSENT_REVOKED,CONSENT_REVOKED,CONSENT_REVOKED,CONSENT_REVOKED
6627e8acf5eaf5fc93a4b402,662709c30570cd731e587591,RETURNED,Not Applicable,2024-04-23T16:58:26.540000Z,2024-04-23T17:03:38.827000Z,,2024-04-23T17:09:45.867000Z,,C1BH0PQA,79,CONSENT_REVOKED,CONSENT_REVOKED,CONSENT_REVOKED,CONSENT_REVOKED,CONSENT_REVOKED,CONSENT_REVOKED,CONSENT_REVOKED,CONSENT_REVOKED,CONSENT_REVOKED
6627e8e75a9cfaa7e382a270,5ef25917d6109b0ac0348bef,REJECTED,Not Applicable,2024-04-23T16:59:25.741000Z,2024-04-23T17:07:01.099000Z,2024-04-24T19:32:45.318000Z,2024-04-23T17:13:20.107000Z,456.0,C1BH0PQA,1641,CONSENT_REVOKED,CONSENT_REVOKED,CONSENT_REVOKED,CONSENT_REVOKED,CONSENT_REVOKED,CONSENT_REVOKED,CONSENT_REVOKED,CONSENT_REVOKED,CONSENT_REVOKED
6627e92e19916a39731c314b,615c0c534a57c48de81d4648,RETURNED,Not Applicable,2024-04-23T17:00:40.072000Z,,,,,,175,CONSENT_REVOKED,CONSENT_REVOKED,CONSENT_REVOKED,CONSENT_REVOKED,CONSENT_REVOKED,CONSENT_REVOKED,CONSENT_REVOKED,CONSENT_REVOKED,CONSENT_REVOKED
6627e979a7f0360bb8df5b0c,5bc07b29a9e4a10001cac181,RETURNED,Not Applicable,2024-04-23T17:12:00.132000Z,,,,,,1078,CONSENT_REVOKED,CONSENT_REVOKED,CONSENT_REVOKED,CONSENT_REVOKED,CONSENT_REVOKED,CONSENT_REVOKED,CONSENT_REVOKED,CONSENT_REVOKED,CONSENT_REVOKED
6627e983c327d0ee8ad15998,642afaa03f927312a91a4c87,RETURNED,Not Applicable,2024-04-23T17:01:59.221000Z,,,,,,691,CONSENT_REVOKED,CONSENT_REVOKED,CONSENT_REVOKED,CONSENT_REVOKED,CONSENT_REVOKED,CONSENT_REVOKED,CONSENT_REVOKED,CONSENT_REVOKED,CONSENT_REVOKED
6627e9a5f3282aa94712a673,5b98701eb79d6d0001d08882,RETURNED,Not Applicable,2024-04-23T17:02:29.358000Z,2024-04-23T17:18:14.526000Z,,2024-04-23T17:24:06.508000Z,,C1BH0PQA,2125,CONSENT_REVOKED,CONSENT_REVOKED,CONSENT_REVOKED,CONSENT_REVOKED,CONSENT_REVOKED,CONSENT_REVOKED,CONSENT_REVOKED,CONSENT_REVOKED,CONSENT_REVOKED
6627e9ac70f8a3a2d023dde0,60c8eb96a3f6b07df96d2d6e,REJECTED,Not Applicable,2024-04-23T17:02:40.681000Z,2024-04-23T17:11:42.162000Z,2024-04-24T19:32:53.341000Z,2024-04-23T17:18:18.117000Z,542.0,C1BH0PQA,1431,CONSENT_REVOKED,CONSENT_REVOKED,CONSENT_REVOKED,CONSENT_REVOKED,CONSENT_REVOKED,CONSENT_REVOKED,CONSENT_REVOKED,CONSENT_REVOKED,CONSENT_REVOKED
6627e9b7535b14726b2a3fc9,5df9142591be8f03c0eff821,RETURNED,Not Applicable,2024-04-23T17:02:55.968000Z,2024-04-23T17:08:42.835000Z,,2024-04-23T17:15:09.374000Z,,C1BH0PQA,271,CONSENT_REVOKED,CONSENT_REVOKED,CONSENT_REVOKED,CONSENT_REVOKED,CONSENT_REVOKED,CONSENT_REVOKED,CONSENT_REVOKED,CONSENT_REVOKED,CONSENT_REVOKED
6627e9be457a8dce25a3b34c,5a32e703c862ce00011155f6,RETURNED,Not Applicable,2024-04-23T17:02:57.054000Z,2024-04-23T17:14:55.522000Z,,2024-04-23T17:21:08.829000Z,,C1BH0PQA,1263,CONSENT_REVOKED,CONSENT_REVOKED,CONSENT_REVOKED,CONSENT_REVOKED,CONSENT_REVOKED,CONSENT_REVOKED,CONSENT_REVOKED,CONSENT_REVOKED,CONSENT_REVOKED
6627e9d019916a39731c3164,65b6601cec4e2d7a82f0aa5b,REJECTED,Not Applicable,2024-04-23T17:03:18.439000Z,2024-04-23T17:11:56.252000Z,2024-04-24T19:32:57.434000Z,2024-04-23T17:18:28.617000Z,518.0,C1BH0PQA,320,CONSENT_REVOKED,CONSENT_REVOKED,CONSENT_REVOKED,CONSENT_REVOKED,CONSENT_REVOKED,CONSENT_REVOKED,CONSENT_REVOKED,CONSENT_REVOKED,CONSENT_REVOKED
6627e9df0cec869c167a4201,5e1cdd55537fe105f0841be2,RETURNED,Not Applicable,2024-04-23T17:03:27.701000Z,2024-04-23T17:28:26.672000Z,,2024-04-23T17:35:13.090000Z,,C1BH0PQA,710,CONSENT_REVOKED,CONSENT_REVOKED,CONSENT_REVOKED,CONSENT_REVOKED,CONSENT_REVOKED,CONSENT_REVOKED,CONSENT_REVOKED,CONSENT_REVOKED,CONSENT_REVOKED
6627e9fa39dc9bdde691f6c3,5ebfe132d46d24025eccd30d,REJECTED,Not Applicable,2024-04-23T17:04:00.790000Z,2024-04-23T17:08:27.103000Z,2024-04-24T19:33:03.180000Z,2024-04-23T17:14:55.953000Z,267.0,C1BH0PQA,265,CONSENT_REVOKED,CONSENT_REVOKED,CONSENT_REVOKED,CONSENT_REVOKED,CONSENT_REVOKED,CONSENT_REVOKED,CONSENT_REVOKED,CONSENT_REVOKED,CONSENT_REVOKED
6627e9fcd6a75d7f575224ac,57732cfcda75d30001487571,RETURNED,Not Applicable,2024-04-23T17:04:19.861000Z,,,,,,1586,CONSENT_REVOKED,CONSENT_REVOKED,CONSENT_REVOKED,CONSENT_REVOKED,CONSENT_REVOKED,CONSENT_REVOKED,CONSENT_REVOKED,CONSENT_REVOKED,CONSENT_REVOKED
6627ea369a28038b023bebcf,63d69163ecd60f16ced6c9c4,RETURNED,Not Applicable,2024-04-23T17:04:57.698000Z,2024-04-23T17:20:01.935000Z,,2024-04-23T17:25:59.795000Z,,C1BH0PQA,511,CONSENT_REVOKED,CONSENT_REVOKED,CONSENT_REVOKED,CONSENT_REVOKED,CONSENT_REVOKED,CONSENT_REVOKED,CONSENT_REVOKED,CONSENT_REVOKED,CONSENT_REVOKED
6627ea42a94d2734a33340a1,6441945a61f618ac201514d0,REJECTED,Not Applicable,2024-04-23T17:05:12.408000Z,2024-04-23T17:09:41.807000Z,2024-04-24T09:38:43.372000Z,2024-04-23T17:16:15.300000Z,270.0,C1BH0PQA,735,CONSENT_REVOKED,CONSENT_REVOKED,CONSENT_REVOKED,CONSENT_REVOKED,CONSENT_REVOKED,CONSENT_REVOKED,CONSENT_REVOKED,CONSENT_REVOKED,CONSENT_REVOKED
6627eb157b6a1f7ad8881177,5cdf33619e96db0015aec6a6,RETURNED,Not Applicable,2024-04-23T17:09:22.575000Z,2024-04-23T17:18:13.090000Z,,2024-04-23T17:24:05.231000Z,,C1BH0PQA,739,CONSENT_REVOKED,CONSENT_REVOKED,CONSENT_REVOKED,CONSENT_REVOKED,CONSENT_REVOKED,CONSENT_REVOKED,CONSENT_REVOKED,CONSENT_REVOKED,CONSENT_REVOKED
6627ed686e2d6bddf362c43c,63615b34abde8debee56c5b8,RETURNED,Not Applicable,2024-04-23T17:18:38.263000Z,2024-04-23T17:39:44.655000Z,,2024-04-23T17:45:35.854000Z,,C1BH0PQA,708,CONSENT_REVOKED,CONSENT_REVOKED,CONSENT_REVOKED,CONSENT_REVOKED,CONSENT_REVOKED,CONSENT_REVOKED,CONSENT_REVOKED,CONSENT_REVOKED,CONSENT_REVOKED
6627eddbab87cec779496bde,5da486f989f3800015f5a4d3,RETURNED,Not Applicable,2024-04-23T17:20:34.032000Z,,,,,,2739,CONSENT_REVOKED,CONSENT_REVOKED,CONSENT_REVOKED,CONSENT_REVOKED,CONSENT_REVOKED,CONSENT_REVOKED,CONSENT_REVOKED,CONSENT_REVOKED,CONSENT_REVOKED
6627ef1e67a02b6a0549b560,63d7a22ff9d8f3c778a83305,RETURNED,Not Applicable,2024-04-23T17:25:58.374000Z,2024-04-23T17:37:18.572000Z,,2024-04-23T17:44:02.421000Z,,C1BH0PQA,343,CONSENT_REVOKED,CONSENT_REVOKED,CONSENT_REVOKED,CONSENT_REVOKED,CONSENT_REVOKED,CONSENT_REVOKED,CONSENT_REVOKED,CONSENT_REVOKED,CONSENT_REVOKED
6627f074053e25a1e831f12d,62fba19b31689f425e047e01,REJECTED,Not Applicable,2024-04-23T17:31:42.459000Z,2024-04-23T17:41:39.998000Z,2024-04-24T19:33:07.575000Z,2024-04-23T17:46:52.833000Z,598.0,C1BH0PQA,717,CONSENT_REVOKED,CONSENT_REVOKED,CONSENT_REVOKED,CONSENT_REVOKED,CONSENT_REVOKED,CONSENT_REVOKED,CONSENT_REVOKED,CONSENT_REVOKED,CONSENT_REVOKED
6627f2f91ff5bcba150f4028,62f661f932b20c9fc240d82f,RETURNED,Not Applicable,2024-04-23T17:42:23.451000Z,,,,,,1929,CONSENT_REVOKED,CONSENT_REVOKED,CONSENT_REVOKED,CONSENT_REVOKED,CONSENT_REVOKED,CONSENT_REVOKED,CONSENT_REVOKED,CONSENT_REVOKED,CONSENT_REVOKED
6627f3961fe0251cc5c34fef,5ea1dc176205ad0c7c941ca1,RETURNED,Not Applicable,2024-04-23T17:45:01.313000Z,2024-04-23T17:57:59.175000Z,,2024-04-23T18:03:06.971000Z,,C1BH0PQA,2125,CONSENT_REVOKED,CONSENT_REVOKED,CONSENT_REVOKED,CONSENT_REVOKED,CONSENT_REVOKED,CONSENT_REVOKED,CONSENT_REVOKED,CONSENT_REVOKED,CONSENT_REVOKED
6627f46a17f70ad1c582a525,600959b17473895801425313,RETURNED,Not Applicable,2024-04-23T17:48:33.976000Z,2024-04-23T17:54:07.690000Z,,2024-04-23T17:59:05.195000Z,,C1BH0PQA,390,CONSENT_REVOKED,CONSENT_REVOKED,CONSENT_REVOKED,CONSENT_REVOKED,CONSENT_REVOKED,CONSENT_REVOKED,CONSENT_REVOKED,CONSENT_REVOKED,CONSENT_REVOKED
6627f46d44a85d234fc85239,64287b2deed56861af146830,RETURNED,Not Applicable,2024-04-23T17:48:29.474000Z,2024-04-23T18:08:11.444000Z,,2024-04-23T18:14:26.022000Z,,C1BH0PQA,723,CONSENT_REVOKED,CONSENT_REVOKED,CONSENT_REVOKED,CONSENT_REVOKED,CONSENT_REVOKED,CONSENT_REVOKED,CONSENT_REVOKED,CONSENT_REVOKED,CONSENT_REVOKED
6627fd2332eb73584adf0575,59959d5060937e00018996f0,RETURNED,Not Applicable,2024-04-23T18:25:48.604000Z,2024-04-23T18:32:41.567000Z,,2024-04-23T18:38:32.109000Z,,C1BH0PQA,1032,CONSENT_REVOKED,CONSENT_REVOKED,CONSENT_REVOKED,CONSENT_REVOKED,CONSENT_REVOKED,CONSENT_REVOKED,CONSENT_REVOKED,CONSENT_REVOKED,CONSENT_REVOKED
66295f93f4133ab1f5b94666,5fc67a7ad4991f2ecfa65f42,TIMED-OUT,Not Applicable,2024-04-24T19:38:00.365000Z,,,,9553741.0,,794,44,Female,White,United Kingdom,United Kingdom,United Kingdom,English,DATA_EXPIRED,DATA_EXPIRED
6629612f7ce6cdc11b1072da,611688156f6d22853511ffb3,RETURNED,Not Applicable,2024-04-24T19:44:51.211000Z,2024-04-24T19:48:31.686000Z,,2024-04-24T19:50:58.903000Z,,C1BH0PQA,3772,CONSENT_REVOKED,CONSENT_REVOKED,CONSENT_REVOKED,CONSENT_REVOKED,CONSENT_REVOKED,CONSENT_REVOKED,CONSENT_REVOKED,CONSENT_REVOKED,CONSENT_REVOKED
6629617e23bc1e62b1a64236,6403d367a2792ea4e0ca0f5e,RETURNED,Not Applicable,2024-04-24T19:47:13.193000Z,2024-04-24T19:57:11.732000Z,,2024-04-24T20:07:06.277000Z,,C1BH0PQA,347,CONSENT_REVOKED,CONSENT_REVOKED,CONSENT_REVOKED,CONSENT_REVOKED,CONSENT_REVOKED,CONSENT_REVOKED,CONSENT_REVOKED,CONSENT_REVOKED,CONSENT_REVOKED
662961a7118c650b002e5b43,5edd385e0da2ff0bcc2b6bfd,RETURNED,Not Applicable,2024-04-24T19:46:53.021000Z,2024-04-24T19:59:29.113000Z,,2024-04-24T20:08:13.860000Z,,C1BH0PQA,312,CONSENT_REVOKED,CONSENT_REVOKED,CONSENT_REVOKED,CONSENT_REVOKED,CONSENT_REVOKED,CONSENT_REVOKED,CONSENT_REVOKED,CONSENT_REVOKED,CONSENT_REVOKED
66296f5a52e6593a42b0c5d1,65c50a5d05b32d6f18aef101,RETURNED,Not Applicable,2024-04-24T20:45:36.221000Z,,,,,,500,CONSENT_REVOKED,CONSENT_REVOKED,CONSENT_REVOKED,CONSENT_REVOKED,CONSENT_REVOKED,CONSENT_REVOKED,CONSENT_REVOKED,CONSENT_REVOKED,CONSENT_REVOKED
6633955346f18f78b9a62cbd,5fe23e36a85a245ac834df4d,REJECTED,Not Applicable,2024-05-02T13:30:01.007000Z,2024-05-02T13:37:31.249000Z,2024-05-03T13:20:19.831000Z,2024-05-02T13:37:32.849000Z,451.0,C1BH0PQA,1011,CONSENT_REVOKED,CONSENT_REVOKED,CONSENT_REVOKED,CONSENT_REVOKED,CONSENT_REVOKED,CONSENT_REVOKED,CONSENT_REVOKED,CONSENT_REVOKED,CONSENT_REVOKED
